species,id,ws,wd,date,depart,mass,mass_st,age
BBA,BBA_04,10.44088042,102.8824551,30/04/2006,0,3.209422884,-0.948356336,111
BBA,BBA_04,10.5873888,88.42439807,01/05/2006,0,3.209422884,-0.948356336,112
BBA,BBA_04,9.91122788,80.99364051,02/05/2006,0,3.209422884,-0.948356336,113
BBA,BBA_04,9.284345318,84.75930005,03/05/2006,0,3.209422884,-0.948356336,114
BBA,BBA_04,10.01256176,111.2746346,04/05/2006,0,3.209422884,-0.948356336,115
BBA,BBA_04,11.6159225,71.88642035,05/05/2006,0,3.209422884,-0.948356336,116
BBA,BBA_04,9.191966146,51.89366628,06/05/2006,0,3.209422884,-0.948356336,117
BBA,BBA_04,10.60447344,93.4542365,07/05/2006,0,3.209422884,-0.948356336,118
BBA,BBA_04,11.55193067,86.47999816,08/05/2006,0,3.209422884,-0.948356336,119
BBA,BBA_04,13.84781812,104.4754644,09/05/2006,0,3.209422884,-0.948356336,120
BBA,BBA_04,10.34545397,67.09414731,10/05/2006,1,3.209422884,-0.948356336,121
GHA,GHA_08,9.601944987,132.0414389,19/05/2006,0,5.2,2.832755994,138
GHA,GHA_08,11.29688373,113.1658647,20/05/2006,0,5.2,2.832755994,139
GHA,GHA_08,7.161247079,44.55856675,21/05/2006,0,5.2,2.832755994,140
GHA,GHA_08,8.442430984,45.83113561,22/05/2006,0,5.2,2.832755994,141
GHA,GHA_08,7.893135706,62.82100701,23/05/2006,0,5.2,2.832755994,142
GHA,GHA_08,6.884659349,90.21273645,24/05/2006,0,5.2,2.832755994,143
GHA,GHA_08,6.720478165,91.44487494,25/05/2006,0,5.2,2.832755994,144
GHA,GHA_08,5.416711733,109.8553405,26/05/2006,0,5.2,2.832755994,145
GHA,GHA_08,3.303643475,66.27900017,27/05/2006,0,5.2,2.832755994,146
GHA,GHA_08,4.998662108,-87.26050405,28/05/2006,0,5.2,2.832755994,147
GHA,GHA_08,5.739813139,141.1231638,29/05/2006,0,5.2,2.832755994,148
GHA,GHA_08,3.477956368,47.73728169,30/05/2006,0,5.2,2.832755994,149
GHA,GHA_08,4.303585736,31.57374575,31/05/2006,0,5.2,2.832755994,150
GHA,GHA_08,7.9758532,27.65068909,01/06/2006,0,5.2,2.832755994,151
GHA,GHA_08,5.988387114,45.39426693,02/06/2006,0,5.2,2.832755994,152
GHA,GHA_08,9.389043567,110.5451938,03/06/2006,0,5.2,2.832755994,153
GHA,GHA_08,5.042253869,-33.96406153,04/06/2006,0,5.2,2.832755994,154
GHA,GHA_08,8.71131112,-87.98712428,05/06/2006,0,5.2,2.832755994,155
GHA,GHA_08,10.46581404,-58.68561999,06/06/2006,0,5.2,2.832755994,156
GHA,GHA_08,4.217966879,-1.622583647,07/06/2006,1,5.2,2.832755994,157
GHA,GHA_11,10.44088042,102.8824551,30/04/2006,0,3,-1.707893637,119
GHA,GHA_11,10.5873888,88.42439807,01/05/2006,0,3,-1.707893637,120
GHA,GHA_11,9.91122788,80.99364051,02/05/2006,0,3,-1.707893637,121
GHA,GHA_11,9.284345318,84.75930005,03/05/2006,0,3,-1.707893637,122
GHA,GHA_11,10.01256176,111.2746346,04/05/2006,0,3,-1.707893637,123
GHA,GHA_11,11.6159225,71.88642035,05/05/2006,0,3,-1.707893637,124
GHA,GHA_11,9.191966146,51.89366628,06/05/2006,0,3,-1.707893637,125
GHA,GHA_11,10.60447344,93.4542365,07/05/2006,0,3,-1.707893637,126
GHA,GHA_11,11.55193067,86.47999816,08/05/2006,0,3,-1.707893637,127
GHA,GHA_11,13.84781812,104.4754644,09/05/2006,0,3,-1.707893637,128
GHA,GHA_11,10.34545397,67.09414731,10/05/2006,0,3,-1.707893637,129
GHA,GHA_11,11.45150666,82.98597086,11/05/2006,0,3,-1.707893637,130
GHA,GHA_11,7.275336306,76.95614239,12/05/2006,0,3,-1.707893637,131
GHA,GHA_11,10.21628922,111.6127233,13/05/2006,0,3,-1.707893637,132
GHA,GHA_11,6.92471697,124.7155915,14/05/2006,0,3,-1.707893637,133
GHA,GHA_11,11.68272419,130.5825627,15/05/2006,0,3,-1.707893637,134
GHA,GHA_11,8.346321598,132.4085451,16/05/2006,0,3,-1.707893637,135
GHA,GHA_11,8.870637871,131.6131307,17/05/2006,0,3,-1.707893637,136
GHA,GHA_11,10.56017498,115.3648721,18/05/2006,0,3,-1.707893637,137
GHA,GHA_11,9.601944987,132.0414389,19/05/2006,1,3,-1.707893637,138
GHA,GHA_09,10.21628922,111.6127233,13/05/2006,0,3.777961347,-0.102234591,138
GHA,GHA_09,6.92471697,124.7155915,14/05/2006,0,3.777961347,-0.102234591,139
GHA,GHA_09,11.68272419,130.5825627,15/05/2006,0,3.777961347,-0.102234591,140
GHA,GHA_09,8.346321598,132.4085451,16/05/2006,0,3.777961347,-0.102234591,141
GHA,GHA_09,8.870637871,131.6131307,17/05/2006,0,3.777961347,-0.102234591,142
GHA,GHA_09,10.56017498,115.3648721,18/05/2006,0,3.777961347,-0.102234591,143
GHA,GHA_09,9.601944987,132.0414389,19/05/2006,0,3.777961347,-0.102234591,144
GHA,GHA_09,11.29688373,113.1658647,20/05/2006,0,3.777961347,-0.102234591,145
GHA,GHA_09,7.161247079,44.55856675,21/05/2006,0,3.777961347,-0.102234591,146
GHA,GHA_09,8.442430984,45.83113561,22/05/2006,0,3.777961347,-0.102234591,147
GHA,GHA_09,7.893135706,62.82100701,23/05/2006,0,3.777961347,-0.102234591,148
GHA,GHA_09,6.884659349,90.21273645,24/05/2006,0,3.777961347,-0.102234591,149
GHA,GHA_09,6.720478165,91.44487494,25/05/2006,0,3.777961347,-0.102234591,150
GHA,GHA_09,5.416711733,109.8553405,26/05/2006,0,3.777961347,-0.102234591,151
GHA,GHA_09,3.303643475,66.27900017,27/05/2006,0,3.777961347,-0.102234591,152
GHA,GHA_09,4.998662108,-87.26050405,28/05/2006,0,3.777961347,-0.102234591,153
GHA,GHA_09,5.739813139,141.1231638,29/05/2006,0,3.777961347,-0.102234591,154
GHA,GHA_09,3.477956368,47.73728169,30/05/2006,0,3.777961347,-0.102234591,155
GHA,GHA_09,4.303585736,31.57374575,31/05/2006,0,3.777961347,-0.102234591,156
GHA,GHA_09,7.9758532,27.65068909,01/06/2006,1,3.777961347,-0.102234591,157
GHA,GHA_02,11.55193067,86.47999816,08/05/2006,0,3.724750623,-0.212057887,132
GHA,GHA_02,13.84781812,104.4754644,09/05/2006,0,3.724750623,-0.212057887,133
GHA,GHA_02,10.34545397,67.09414731,10/05/2006,0,3.724750623,-0.212057887,134
GHA,GHA_02,11.45150666,82.98597086,11/05/2006,0,3.724750623,-0.212057887,135
GHA,GHA_02,7.275336306,76.95614239,12/05/2006,0,3.724750623,-0.212057887,136
GHA,GHA_02,10.21628922,111.6127233,13/05/2006,0,3.724750623,-0.212057887,137
GHA,GHA_02,6.92471697,124.7155915,14/05/2006,0,3.724750623,-0.212057887,138
GHA,GHA_02,11.68272419,130.5825627,15/05/2006,0,3.724750623,-0.212057887,139
GHA,GHA_02,8.346321598,132.4085451,16/05/2006,0,3.724750623,-0.212057887,140
GHA,GHA_02,8.870637871,131.6131307,17/05/2006,0,3.724750623,-0.212057887,141
GHA,GHA_02,10.56017498,115.3648721,18/05/2006,0,3.724750623,-0.212057887,142
GHA,GHA_02,9.601944987,132.0414389,19/05/2006,0,3.724750623,-0.212057887,143
GHA,GHA_02,11.29688373,113.1658647,20/05/2006,0,3.724750623,-0.212057887,144
GHA,GHA_02,7.161247079,44.55856675,21/05/2006,0,3.724750623,-0.212057887,145
GHA,GHA_02,8.442430984,45.83113561,22/05/2006,0,3.724750623,-0.212057887,146
GHA,GHA_02,7.893135706,62.82100701,23/05/2006,0,3.724750623,-0.212057887,147
GHA,GHA_02,6.884659349,90.21273645,24/05/2006,0,3.724750623,-0.212057887,148
GHA,GHA_02,6.720478165,91.44487494,25/05/2006,0,3.724750623,-0.212057887,149
GHA,GHA_02,5.416711733,109.8553405,26/05/2006,0,3.724750623,-0.212057887,150
GHA,GHA_02,3.303643475,66.27900017,27/05/2006,1,3.724750623,-0.212057887,151
GHA,GHA_15,7.161247079,44.55856675,21/05/2006,0,4.150436409,0.666528479,146
GHA,GHA_15,8.442430984,45.83113561,22/05/2006,0,4.150436409,0.666528479,147
GHA,GHA_15,7.893135706,62.82100701,23/05/2006,0,4.150436409,0.666528479,148
GHA,GHA_15,6.884659349,90.21273645,24/05/2006,0,4.150436409,0.666528479,149
GHA,GHA_15,6.720478165,91.44487494,25/05/2006,0,4.150436409,0.666528479,150
GHA,GHA_15,5.416711733,109.8553405,26/05/2006,0,4.150436409,0.666528479,151
GHA,GHA_15,3.303643475,66.27900017,27/05/2006,0,4.150436409,0.666528479,152
GHA,GHA_15,4.998662108,-87.26050405,28/05/2006,0,4.150436409,0.666528479,153
GHA,GHA_15,5.739813139,141.1231638,29/05/2006,0,4.150436409,0.666528479,154
GHA,GHA_15,3.477956368,47.73728169,30/05/2006,0,4.150436409,0.666528479,155
GHA,GHA_15,4.303585736,31.57374575,31/05/2006,0,4.150436409,0.666528479,156
GHA,GHA_15,7.9758532,27.65068909,01/06/2006,0,4.150436409,0.666528479,157
GHA,GHA_15,5.988387114,45.39426693,02/06/2006,0,4.150436409,0.666528479,158
GHA,GHA_15,9.389043567,110.5451938,03/06/2006,0,4.150436409,0.666528479,159
GHA,GHA_15,5.042253869,-33.96406153,04/06/2006,0,4.150436409,0.666528479,160
GHA,GHA_15,8.71131112,-87.98712428,05/06/2006,0,4.150436409,0.666528479,161
GHA,GHA_15,10.46581404,-58.68561999,06/06/2006,0,4.150436409,0.666528479,162
GHA,GHA_15,4.217966879,-1.622583647,07/06/2006,0,4.150436409,0.666528479,163
GHA,GHA_15,9.542589216,-169.2261379,08/06/2006,0,4.150436409,0.666528479,164
GHA,GHA_15,13.41531868,161.4081538,09/06/2006,1,4.150436409,0.666528479,165
BBA,BBA_08,8.050105504,23.00394004,13/04/2010,0,3.4,-0.320846874,104
BBA,BBA_08,10.4781755,77.86351074,14/04/2010,0,3.4,-0.320846874,105
BBA,BBA_08,8.91781021,95.81730622,15/04/2010,0,3.4,-0.320846874,106
BBA,BBA_08,8.662176375,116.214193,16/04/2010,0,3.4,-0.320846874,107
BBA,BBA_08,7.120548712,150.4708063,17/04/2010,0,3.4,-0.320846874,108
BBA,BBA_08,6.777978207,125.9372683,18/04/2010,0,3.4,-0.320846874,109
BBA,BBA_08,8.183634462,164.2440783,19/04/2010,0,3.4,-0.320846874,110
BBA,BBA_08,8.913371809,95.67949319,20/04/2010,0,3.4,-0.320846874,111
BBA,BBA_08,5.848621248,130.4030858,21/04/2010,0,3.4,-0.320846874,112
BBA,BBA_08,6.912300099,62.97775298,22/04/2010,0,3.4,-0.320846874,113
BBA,BBA_08,10.81251249,99.43386222,23/04/2010,0,3.4,-0.320846874,114
BBA,BBA_08,12.06160256,115.6136147,24/04/2010,0,3.4,-0.320846874,115
BBA,BBA_08,14.50679972,90.7902323,25/04/2010,0,3.4,-0.320846874,116
BBA,BBA_08,12.06090534,103.5844065,26/04/2010,0,3.4,-0.320846874,117
BBA,BBA_08,10.97674338,113.1002225,27/04/2010,0,3.4,-0.320846874,118
BBA,BBA_08,8.471566042,83.18291855,28/04/2010,0,3.4,-0.320846874,119
BBA,BBA_08,7.930687615,174.7116838,29/04/2010,0,3.4,-0.320846874,120
BBA,BBA_08,9.117448342,145.7140732,30/04/2010,0,3.4,-0.320846874,121
BBA,BBA_08,9.307815891,109.498116,01/05/2010,0,3.4,-0.320846874,122
BBA,BBA_08,7.781969174,126.5976311,02/05/2010,1,3.4,-0.320846874,123
BBA,BBA_11,10.68763758,111.4637696,02/04/2010,0,3.231110506,-0.876945936,96
BBA,BBA_11,6.286347677,23.0244364,03/04/2010,0,3.231110506,-0.876945936,97
BBA,BBA_11,11.1425798,69.04411669,04/04/2010,0,3.231110506,-0.876945936,98
BBA,BBA_11,11.03713685,74.97683639,05/04/2010,0,3.231110506,-0.876945936,99
BBA,BBA_11,10.35228994,49.16000574,06/04/2010,0,3.231110506,-0.876945936,100
BBA,BBA_11,8.164992455,135.82146,07/04/2010,0,3.231110506,-0.876945936,101
BBA,BBA_11,13.20889939,55.64553125,08/04/2010,0,3.231110506,-0.876945936,102
BBA,BBA_11,11.53427484,79.89964414,09/04/2010,0,3.231110506,-0.876945936,103
BBA,BBA_11,12.59846676,41.65232757,10/04/2010,0,3.231110506,-0.876945936,104
BBA,BBA_11,7.248620837,45.2691563,11/04/2010,0,3.231110506,-0.876945936,105
BBA,BBA_11,9.273522484,136.1400212,12/04/2010,0,3.231110506,-0.876945936,106
BBA,BBA_11,8.050105504,23.00394004,13/04/2010,0,3.231110506,-0.876945936,107
BBA,BBA_11,10.4781755,77.86351074,14/04/2010,0,3.231110506,-0.876945936,108
BBA,BBA_11,8.91781021,95.81730622,15/04/2010,0,3.231110506,-0.876945936,109
BBA,BBA_11,8.662176375,116.214193,16/04/2010,0,3.231110506,-0.876945936,110
BBA,BBA_11,7.120548712,150.4708063,17/04/2010,0,3.231110506,-0.876945936,111
BBA,BBA_11,6.777978207,125.9372683,18/04/2010,0,3.231110506,-0.876945936,112
BBA,BBA_11,8.183634462,164.2440783,19/04/2010,0,3.231110506,-0.876945936,113
BBA,BBA_11,8.913371809,95.67949319,20/04/2010,0,3.231110506,-0.876945936,114
BBA,BBA_11,5.848621248,130.4030858,21/04/2010,1,3.231110506,-0.876945936,115
BBA,BBA_10,6.286347677,23.0244364,03/04/2010,0,3.326143168,-0.564033788,96
BBA,BBA_10,11.1425798,69.04411669,04/04/2010,0,3.326143168,-0.564033788,97
BBA,BBA_10,11.03713685,74.97683639,05/04/2010,0,3.326143168,-0.564033788,98
BBA,BBA_10,10.35228994,49.16000574,06/04/2010,0,3.326143168,-0.564033788,99
BBA,BBA_10,8.164992455,135.82146,07/04/2010,0,3.326143168,-0.564033788,100
BBA,BBA_10,13.20889939,55.64553125,08/04/2010,0,3.326143168,-0.564033788,101
BBA,BBA_10,11.53427484,79.89964414,09/04/2010,0,3.326143168,-0.564033788,102
BBA,BBA_10,12.59846676,41.65232757,10/04/2010,0,3.326143168,-0.564033788,103
BBA,BBA_10,7.248620837,45.2691563,11/04/2010,0,3.326143168,-0.564033788,104
BBA,BBA_10,9.273522484,136.1400212,12/04/2010,0,3.326143168,-0.564033788,105
BBA,BBA_10,8.050105504,23.00394004,13/04/2010,0,3.326143168,-0.564033788,106
BBA,BBA_10,10.4781755,77.86351074,14/04/2010,0,3.326143168,-0.564033788,107
BBA,BBA_10,8.91781021,95.81730622,15/04/2010,0,3.326143168,-0.564033788,108
BBA,BBA_10,8.662176375,116.214193,16/04/2010,0,3.326143168,-0.564033788,109
BBA,BBA_10,7.120548712,150.4708063,17/04/2010,0,3.326143168,-0.564033788,110
BBA,BBA_10,6.777978207,125.9372683,18/04/2010,0,3.326143168,-0.564033788,111
BBA,BBA_10,8.183634462,164.2440783,19/04/2010,0,3.326143168,-0.564033788,112
BBA,BBA_10,8.913371809,95.67949319,20/04/2010,0,3.326143168,-0.564033788,113
BBA,BBA_10,5.848621248,130.4030858,21/04/2010,0,3.326143168,-0.564033788,114
BBA,BBA_10,6.912300099,62.97775298,22/04/2010,1,3.326143168,-0.564033788,115
BBA,BBA_07,10.35228994,49.16000574,06/04/2010,0,3.8,0.996225134,97
BBA,BBA_07,8.164992455,135.82146,07/04/2010,0,3.8,0.996225134,98
BBA,BBA_07,13.20889939,55.64553125,08/04/2010,0,3.8,0.996225134,99
BBA,BBA_07,11.53427484,79.89964414,09/04/2010,0,3.8,0.996225134,100
BBA,BBA_07,12.59846676,41.65232757,10/04/2010,0,3.8,0.996225134,101
BBA,BBA_07,7.248620837,45.2691563,11/04/2010,0,3.8,0.996225134,102
BBA,BBA_07,9.273522484,136.1400212,12/04/2010,0,3.8,0.996225134,103
BBA,BBA_07,8.050105504,23.00394004,13/04/2010,0,3.8,0.996225134,104
BBA,BBA_07,10.4781755,77.86351074,14/04/2010,0,3.8,0.996225134,105
BBA,BBA_07,8.91781021,95.81730622,15/04/2010,0,3.8,0.996225134,106
BBA,BBA_07,8.662176375,116.214193,16/04/2010,0,3.8,0.996225134,107
BBA,BBA_07,7.120548712,150.4708063,17/04/2010,0,3.8,0.996225134,108
BBA,BBA_07,6.777978207,125.9372683,18/04/2010,0,3.8,0.996225134,109
BBA,BBA_07,8.183634462,164.2440783,19/04/2010,0,3.8,0.996225134,110
BBA,BBA_07,8.913371809,95.67949319,20/04/2010,0,3.8,0.996225134,111
BBA,BBA_07,5.848621248,130.4030858,21/04/2010,0,3.8,0.996225134,112
BBA,BBA_07,6.912300099,62.97775298,22/04/2010,0,3.8,0.996225134,113
BBA,BBA_07,10.81251249,99.43386222,23/04/2010,0,3.8,0.996225134,114
BBA,BBA_07,12.06160256,115.6136147,24/04/2010,0,3.8,0.996225134,115
BBA,BBA_07,14.50679972,90.7902323,25/04/2010,1,3.8,0.996225134,116
BBA,BBA_01,6.286347677,23.0244364,03/04/2010,0,3.05,-1.473284881,94
BBA,BBA_01,11.1425798,69.04411669,04/04/2010,0,3.05,-1.473284881,95
BBA,BBA_01,11.03713685,74.97683639,05/04/2010,0,3.05,-1.473284881,96
BBA,BBA_01,10.35228994,49.16000574,06/04/2010,0,3.05,-1.473284881,97
BBA,BBA_01,8.164992455,135.82146,07/04/2010,0,3.05,-1.473284881,98
BBA,BBA_01,13.20889939,55.64553125,08/04/2010,0,3.05,-1.473284881,99
BBA,BBA_01,11.53427484,79.89964414,09/04/2010,0,3.05,-1.473284881,100
BBA,BBA_01,12.59846676,41.65232757,10/04/2010,0,3.05,-1.473284881,101
BBA,BBA_01,7.248620837,45.2691563,11/04/2010,0,3.05,-1.473284881,102
BBA,BBA_01,9.273522484,136.1400212,12/04/2010,0,3.05,-1.473284881,103
BBA,BBA_01,8.050105504,23.00394004,13/04/2010,0,3.05,-1.473284881,104
BBA,BBA_01,10.4781755,77.86351074,14/04/2010,0,3.05,-1.473284881,105
BBA,BBA_01,8.91781021,95.81730622,15/04/2010,0,3.05,-1.473284881,106
BBA,BBA_01,8.662176375,116.214193,16/04/2010,0,3.05,-1.473284881,107
BBA,BBA_01,7.120548712,150.4708063,17/04/2010,0,3.05,-1.473284881,108
BBA,BBA_01,6.777978207,125.9372683,18/04/2010,0,3.05,-1.473284881,109
BBA,BBA_01,8.183634462,164.2440783,19/04/2010,0,3.05,-1.473284881,110
BBA,BBA_01,8.913371809,95.67949319,20/04/2010,0,3.05,-1.473284881,111
BBA,BBA_01,5.848621248,130.4030858,21/04/2010,0,3.05,-1.473284881,112
BBA,BBA_01,6.912300099,62.97775298,22/04/2010,1,3.05,-1.473284881,113
BBA,BBA_03,12.06160256,115.6136147,24/04/2010,0,3.719522514,0.731238525,112
BBA,BBA_03,14.50679972,90.7902323,25/04/2010,0,3.719522514,0.731238525,113
BBA,BBA_03,12.06090534,103.5844065,26/04/2010,0,3.719522514,0.731238525,114
BBA,BBA_03,10.97674338,113.1002225,27/04/2010,0,3.719522514,0.731238525,115
BBA,BBA_03,8.471566042,83.18291855,28/04/2010,0,3.719522514,0.731238525,116
BBA,BBA_03,7.930687615,174.7116838,29/04/2010,0,3.719522514,0.731238525,117
BBA,BBA_03,9.117448342,145.7140732,30/04/2010,0,3.719522514,0.731238525,118
BBA,BBA_03,9.307815891,109.498116,01/05/2010,0,3.719522514,0.731238525,119
BBA,BBA_03,7.781969174,126.5976311,02/05/2010,0,3.719522514,0.731238525,120
BBA,BBA_03,5.794035427,-22.82584893,03/05/2010,0,3.719522514,0.731238525,121
BBA,BBA_03,7.571537868,114.3095071,04/05/2010,0,3.719522514,0.731238525,122
BBA,BBA_03,9.157833367,82.17719885,05/05/2010,0,3.719522514,0.731238525,123
BBA,BBA_03,10.41332191,174.1567893,06/05/2010,0,3.719522514,0.731238525,124
BBA,BBA_03,9.617889679,109.1707554,07/05/2010,0,3.719522514,0.731238525,125
BBA,BBA_03,9.235266138,92.81657055,08/05/2010,0,3.719522514,0.731238525,126
BBA,BBA_03,9.568824986,66.98277313,09/05/2010,0,3.719522514,0.731238525,127
BBA,BBA_03,9.33341371,75.7949465,10/05/2010,0,3.719522514,0.731238525,128
BBA,BBA_03,9.852148444,66.06475283,11/05/2010,0,3.719522514,0.731238525,129
BBA,BBA_03,7.30217528,121.7180945,12/05/2010,0,3.719522514,0.731238525,130
BBA,BBA_03,12.56822731,88.24435822,13/05/2010,1,3.719522514,0.731238525,131
BBA,BBA_09,11.53427484,79.89964414,09/04/2010,0,3.65,0.502323131,97
BBA,BBA_09,12.59846676,41.65232757,10/04/2010,0,3.65,0.502323131,98
BBA,BBA_09,7.248620837,45.2691563,11/04/2010,0,3.65,0.502323131,99
BBA,BBA_09,9.273522484,136.1400212,12/04/2010,0,3.65,0.502323131,100
BBA,BBA_09,8.050105504,23.00394004,13/04/2010,0,3.65,0.502323131,101
BBA,BBA_09,10.4781755,77.86351074,14/04/2010,0,3.65,0.502323131,102
BBA,BBA_09,8.91781021,95.81730622,15/04/2010,0,3.65,0.502323131,103
BBA,BBA_09,8.662176375,116.214193,16/04/2010,0,3.65,0.502323131,104
BBA,BBA_09,7.120548712,150.4708063,17/04/2010,0,3.65,0.502323131,105
BBA,BBA_09,6.777978207,125.9372683,18/04/2010,0,3.65,0.502323131,106
BBA,BBA_09,8.183634462,164.2440783,19/04/2010,0,3.65,0.502323131,107
BBA,BBA_09,8.913371809,95.67949319,20/04/2010,0,3.65,0.502323131,108
BBA,BBA_09,5.848621248,130.4030858,21/04/2010,0,3.65,0.502323131,109
BBA,BBA_09,6.912300099,62.97775298,22/04/2010,0,3.65,0.502323131,110
BBA,BBA_09,10.81251249,99.43386222,23/04/2010,0,3.65,0.502323131,111
BBA,BBA_09,12.06160256,115.6136147,24/04/2010,0,3.65,0.502323131,112
BBA,BBA_09,14.50679972,90.7902323,25/04/2010,0,3.65,0.502323131,113
BBA,BBA_09,12.06090534,103.5844065,26/04/2010,0,3.65,0.502323131,114
BBA,BBA_09,10.97674338,113.1002225,27/04/2010,0,3.65,0.502323131,115
BBA,BBA_09,8.471566042,83.18291855,28/04/2010,1,3.65,0.502323131,116
BBA,BBA_02,11.1425798,69.04411669,04/04/2010,0,3.35,-0.485480875,91
BBA,BBA_02,11.03713685,74.97683639,05/04/2010,0,3.35,-0.485480875,92
BBA,BBA_02,10.35228994,49.16000574,06/04/2010,0,3.35,-0.485480875,93
BBA,BBA_02,8.164992455,135.82146,07/04/2010,0,3.35,-0.485480875,94
BBA,BBA_02,13.20889939,55.64553125,08/04/2010,0,3.35,-0.485480875,95
BBA,BBA_02,11.53427484,79.89964414,09/04/2010,0,3.35,-0.485480875,96
BBA,BBA_02,12.59846676,41.65232757,10/04/2010,0,3.35,-0.485480875,97
BBA,BBA_02,7.248620837,45.2691563,11/04/2010,0,3.35,-0.485480875,98
BBA,BBA_02,9.273522484,136.1400212,12/04/2010,0,3.35,-0.485480875,99
BBA,BBA_02,8.050105504,23.00394004,13/04/2010,0,3.35,-0.485480875,100
BBA,BBA_02,10.4781755,77.86351074,14/04/2010,0,3.35,-0.485480875,101
BBA,BBA_02,8.91781021,95.81730622,15/04/2010,0,3.35,-0.485480875,102
BBA,BBA_02,8.662176375,116.214193,16/04/2010,0,3.35,-0.485480875,103
BBA,BBA_02,7.120548712,150.4708063,17/04/2010,0,3.35,-0.485480875,104
BBA,BBA_02,6.777978207,125.9372683,18/04/2010,0,3.35,-0.485480875,105
BBA,BBA_02,8.183634462,164.2440783,19/04/2010,0,3.35,-0.485480875,106
BBA,BBA_02,8.913371809,95.67949319,20/04/2010,0,3.35,-0.485480875,107
BBA,BBA_02,5.848621248,130.4030858,21/04/2010,0,3.35,-0.485480875,108
BBA,BBA_02,6.912300099,62.97775298,22/04/2010,0,3.35,-0.485480875,109
BBA,BBA_02,10.81251249,99.43386222,23/04/2010,1,3.35,-0.485480875,110
BBA,BBA_06,13.20889939,55.64553125,08/04/2010,0,3.65,0.502323131,97
BBA,BBA_06,11.53427484,79.89964414,09/04/2010,0,3.65,0.502323131,98
BBA,BBA_06,12.59846676,41.65232757,10/04/2010,0,3.65,0.502323131,99
BBA,BBA_06,7.248620837,45.2691563,11/04/2010,0,3.65,0.502323131,100
BBA,BBA_06,9.273522484,136.1400212,12/04/2010,0,3.65,0.502323131,101
BBA,BBA_06,8.050105504,23.00394004,13/04/2010,0,3.65,0.502323131,102
BBA,BBA_06,10.4781755,77.86351074,14/04/2010,0,3.65,0.502323131,103
BBA,BBA_06,8.91781021,95.81730622,15/04/2010,0,3.65,0.502323131,104
BBA,BBA_06,8.662176375,116.214193,16/04/2010,0,3.65,0.502323131,105
BBA,BBA_06,7.120548712,150.4708063,17/04/2010,0,3.65,0.502323131,106
BBA,BBA_06,6.777978207,125.9372683,18/04/2010,0,3.65,0.502323131,107
BBA,BBA_06,8.183634462,164.2440783,19/04/2010,0,3.65,0.502323131,108
BBA,BBA_06,8.913371809,95.67949319,20/04/2010,0,3.65,0.502323131,109
BBA,BBA_06,5.848621248,130.4030858,21/04/2010,0,3.65,0.502323131,110
BBA,BBA_06,6.912300099,62.97775298,22/04/2010,0,3.65,0.502323131,111
BBA,BBA_06,10.81251249,99.43386222,23/04/2010,0,3.65,0.502323131,112
BBA,BBA_06,12.06160256,115.6136147,24/04/2010,0,3.65,0.502323131,113
BBA,BBA_06,14.50679972,90.7902323,25/04/2010,0,3.65,0.502323131,114
BBA,BBA_06,12.06090534,103.5844065,26/04/2010,0,3.65,0.502323131,115
BBA,BBA_06,10.97674338,113.1002225,27/04/2010,1,3.65,0.502323131,116
BBA,BBA_05,11.1425798,69.04411669,04/04/2010,0,3.830553037,1.096826509,103
BBA,BBA_05,11.03713685,74.97683639,05/04/2010,0,3.830553037,1.096826509,104
BBA,BBA_05,10.35228994,49.16000574,06/04/2010,0,3.830553037,1.096826509,105
BBA,BBA_05,8.164992455,135.82146,07/04/2010,0,3.830553037,1.096826509,106
BBA,BBA_05,13.20889939,55.64553125,08/04/2010,0,3.830553037,1.096826509,107
BBA,BBA_05,11.53427484,79.89964414,09/04/2010,0,3.830553037,1.096826509,108
BBA,BBA_05,12.59846676,41.65232757,10/04/2010,0,3.830553037,1.096826509,109
BBA,BBA_05,7.248620837,45.2691563,11/04/2010,0,3.830553037,1.096826509,110
BBA,BBA_05,9.273522484,136.1400212,12/04/2010,0,3.830553037,1.096826509,111
BBA,BBA_05,8.050105504,23.00394004,13/04/2010,0,3.830553037,1.096826509,112
BBA,BBA_05,10.4781755,77.86351074,14/04/2010,0,3.830553037,1.096826509,113
BBA,BBA_05,8.91781021,95.81730622,15/04/2010,0,3.830553037,1.096826509,114
BBA,BBA_05,8.662176375,116.214193,16/04/2010,0,3.830553037,1.096826509,115
BBA,BBA_05,7.120548712,150.4708063,17/04/2010,0,3.830553037,1.096826509,116
BBA,BBA_05,6.777978207,125.9372683,18/04/2010,0,3.830553037,1.096826509,117
BBA,BBA_05,8.183634462,164.2440783,19/04/2010,0,3.830553037,1.096826509,118
BBA,BBA_05,8.913371809,95.67949319,20/04/2010,0,3.830553037,1.096826509,119
BBA,BBA_05,5.848621248,130.4030858,21/04/2010,0,3.830553037,1.096826509,120
BBA,BBA_05,6.912300099,62.97775298,22/04/2010,0,3.830553037,1.096826509,121
BBA,BBA_05,10.81251249,99.43386222,23/04/2010,1,3.830553037,1.096826509,122
GHA,GHA_03,10.95650435,71.53208382,07/05/2018,0,3.6,-0.469534647,128
GHA,GHA_03,12.30720123,92.02670613,08/05/2018,0,3.6,-0.469534647,129
GHA,GHA_03,10.27716429,82.48081323,09/05/2018,0,3.6,-0.469534647,130
GHA,GHA_03,10.53635598,80.26980007,10/05/2018,0,3.6,-0.469534647,131
GHA,GHA_03,13.61302134,48.69338435,11/05/2018,0,3.6,-0.469534647,132
GHA,GHA_03,8.952638409,59.89663677,12/05/2018,0,3.6,-0.469534647,133
GHA,GHA_03,10.81732903,56.78912038,13/05/2018,0,3.6,-0.469534647,134
GHA,GHA_03,9.817677949,39.35119082,14/05/2018,0,3.6,-0.469534647,135
GHA,GHA_03,6.978847413,102.2306046,15/05/2018,0,3.6,-0.469534647,136
GHA,GHA_03,9.213502013,48.20818586,16/05/2018,0,3.6,-0.469534647,137
GHA,GHA_03,8.588587434,31.18440944,17/05/2018,0,3.6,-0.469534647,138
GHA,GHA_03,11.91291531,4.634001109,18/05/2018,0,3.6,-0.469534647,139
GHA,GHA_03,9.796959469,32.80288479,19/05/2018,0,3.6,-0.469534647,140
GHA,GHA_03,5.459941315,57.50639002,20/05/2018,0,3.6,-0.469534647,141
GHA,GHA_03,4.586311046,107.824411,21/05/2018,0,3.6,-0.469534647,142
GHA,GHA_03,8.808939649,151.4104878,22/05/2018,0,3.6,-0.469534647,143
GHA,GHA_03,5.694287922,125.3282326,23/05/2018,0,3.6,-0.469534647,144
GHA,GHA_03,4.702954181,11.17436737,24/05/2018,0,3.6,-0.469534647,145
GHA,GHA_03,8.12859841,95.65592122,25/05/2018,0,3.6,-0.469534647,146
GHA,GHA_03,8.999286959,108.3178251,26/05/2018,1,3.6,-0.469534647,147
GHA,GHA_01,10.61378649,126.6734268,04/05/2018,0,3.7,-0.263141482,125
GHA,GHA_01,12.46428241,89.04137634,05/05/2018,0,3.7,-0.263141482,126
GHA,GHA_01,14.54750781,72.44677684,06/05/2018,0,3.7,-0.263141482,127
GHA,GHA_01,10.95650435,71.53208382,07/05/2018,0,3.7,-0.263141482,128
GHA,GHA_01,12.30720123,92.02670613,08/05/2018,0,3.7,-0.263141482,129
GHA,GHA_01,10.27716429,82.48081323,09/05/2018,0,3.7,-0.263141482,130
GHA,GHA_01,10.53635598,80.26980007,10/05/2018,0,3.7,-0.263141482,131
GHA,GHA_01,13.61302134,48.69338435,11/05/2018,0,3.7,-0.263141482,132
GHA,GHA_01,8.952638409,59.89663677,12/05/2018,0,3.7,-0.263141482,133
GHA,GHA_01,10.81732903,56.78912038,13/05/2018,0,3.7,-0.263141482,134
GHA,GHA_01,9.817677949,39.35119082,14/05/2018,0,3.7,-0.263141482,135
GHA,GHA_01,6.978847413,102.2306046,15/05/2018,0,3.7,-0.263141482,136
GHA,GHA_01,9.213502013,48.20818586,16/05/2018,0,3.7,-0.263141482,137
GHA,GHA_01,8.588587434,31.18440944,17/05/2018,0,3.7,-0.263141482,138
GHA,GHA_01,11.91291531,4.634001109,18/05/2018,0,3.7,-0.263141482,139
GHA,GHA_01,9.796959469,32.80288479,19/05/2018,0,3.7,-0.263141482,140
GHA,GHA_01,5.459941315,57.50639002,20/05/2018,0,3.7,-0.263141482,141
GHA,GHA_01,4.586311046,107.824411,21/05/2018,0,3.7,-0.263141482,142
GHA,GHA_01,8.808939649,151.4104878,22/05/2018,0,3.7,-0.263141482,143
GHA,GHA_01,5.694287922,125.3282326,23/05/2018,1,3.7,-0.263141482,144
GHA,GHA_12,10.27716429,82.48081323,09/05/2018,0,3.55,-0.572731229,130
GHA,GHA_12,10.53635598,80.26980007,10/05/2018,0,3.55,-0.572731229,131
GHA,GHA_12,13.61302134,48.69338435,11/05/2018,0,3.55,-0.572731229,132
GHA,GHA_12,8.952638409,59.89663677,12/05/2018,0,3.55,-0.572731229,133
GHA,GHA_12,10.81732903,56.78912038,13/05/2018,0,3.55,-0.572731229,134
GHA,GHA_12,9.817677949,39.35119082,14/05/2018,0,3.55,-0.572731229,135
GHA,GHA_12,6.978847413,102.2306046,15/05/2018,0,3.55,-0.572731229,136
GHA,GHA_12,9.213502013,48.20818586,16/05/2018,0,3.55,-0.572731229,137
GHA,GHA_12,8.588587434,31.18440944,17/05/2018,0,3.55,-0.572731229,138
GHA,GHA_12,11.91291531,4.634001109,18/05/2018,0,3.55,-0.572731229,139
GHA,GHA_12,9.796959469,32.80288479,19/05/2018,0,3.55,-0.572731229,140
GHA,GHA_12,5.459941315,57.50639002,20/05/2018,0,3.55,-0.572731229,141
GHA,GHA_12,4.586311046,107.824411,21/05/2018,0,3.55,-0.572731229,142
GHA,GHA_12,8.808939649,151.4104878,22/05/2018,0,3.55,-0.572731229,143
GHA,GHA_12,5.694287922,125.3282326,23/05/2018,0,3.55,-0.572731229,144
GHA,GHA_12,4.702954181,11.17436737,24/05/2018,0,3.55,-0.572731229,145
GHA,GHA_12,8.12859841,95.65592122,25/05/2018,0,3.55,-0.572731229,146
GHA,GHA_12,8.999286959,108.3178251,26/05/2018,0,3.55,-0.572731229,147
GHA,GHA_12,13.67232643,109.1584207,27/05/2018,0,3.55,-0.572731229,148
GHA,GHA_12,10.56266468,60.13121098,28/05/2018,1,3.55,-0.572731229,149
GHA,GHA_16,10.27716429,82.48081323,09/05/2018,0,4.097225686,0.556705183,130
GHA,GHA_16,10.53635598,80.26980007,10/05/2018,0,4.097225686,0.556705183,131
GHA,GHA_16,13.61302134,48.69338435,11/05/2018,0,4.097225686,0.556705183,132
GHA,GHA_16,8.952638409,59.89663677,12/05/2018,0,4.097225686,0.556705183,133
GHA,GHA_16,10.81732903,56.78912038,13/05/2018,0,4.097225686,0.556705183,134
GHA,GHA_16,9.817677949,39.35119082,14/05/2018,0,4.097225686,0.556705183,135
GHA,GHA_16,6.978847413,102.2306046,15/05/2018,0,4.097225686,0.556705183,136
GHA,GHA_16,9.213502013,48.20818586,16/05/2018,0,4.097225686,0.556705183,137
GHA,GHA_16,8.588587434,31.18440944,17/05/2018,0,4.097225686,0.556705183,138
GHA,GHA_16,11.91291531,4.634001109,18/05/2018,0,4.097225686,0.556705183,139
GHA,GHA_16,9.796959469,32.80288479,19/05/2018,0,4.097225686,0.556705183,140
GHA,GHA_16,5.459941315,57.50639002,20/05/2018,0,4.097225686,0.556705183,141
GHA,GHA_16,4.586311046,107.824411,21/05/2018,0,4.097225686,0.556705183,142
GHA,GHA_16,8.808939649,151.4104878,22/05/2018,0,4.097225686,0.556705183,143
GHA,GHA_16,5.694287922,125.3282326,23/05/2018,0,4.097225686,0.556705183,144
GHA,GHA_16,4.702954181,11.17436737,24/05/2018,0,4.097225686,0.556705183,145
GHA,GHA_16,8.12859841,95.65592122,25/05/2018,0,4.097225686,0.556705183,146
GHA,GHA_16,8.999286959,108.3178251,26/05/2018,0,4.097225686,0.556705183,147
GHA,GHA_16,13.67232643,109.1584207,27/05/2018,0,4.097225686,0.556705183,148
GHA,GHA_16,10.56266468,60.13121098,28/05/2018,1,4.097225686,0.556705183,149
GHA,GHA_07,10.27716429,82.48081323,09/05/2018,0,4,0.356038013,130
GHA,GHA_07,10.53635598,80.26980007,10/05/2018,0,4,0.356038013,131
GHA,GHA_07,13.61302134,48.69338435,11/05/2018,0,4,0.356038013,132
GHA,GHA_07,8.952638409,59.89663677,12/05/2018,0,4,0.356038013,133
GHA,GHA_07,10.81732903,56.78912038,13/05/2018,0,4,0.356038013,134
GHA,GHA_07,9.817677949,39.35119082,14/05/2018,0,4,0.356038013,135
GHA,GHA_07,6.978847413,102.2306046,15/05/2018,0,4,0.356038013,136
GHA,GHA_07,9.213502013,48.20818586,16/05/2018,0,4,0.356038013,137
GHA,GHA_07,8.588587434,31.18440944,17/05/2018,0,4,0.356038013,138
GHA,GHA_07,11.91291531,4.634001109,18/05/2018,0,4,0.356038013,139
GHA,GHA_07,9.796959469,32.80288479,19/05/2018,0,4,0.356038013,140
GHA,GHA_07,5.459941315,57.50639002,20/05/2018,0,4,0.356038013,141
GHA,GHA_07,4.586311046,107.824411,21/05/2018,0,4,0.356038013,142
GHA,GHA_07,8.808939649,151.4104878,22/05/2018,0,4,0.356038013,143
GHA,GHA_07,5.694287922,125.3282326,23/05/2018,0,4,0.356038013,144
GHA,GHA_07,4.702954181,11.17436737,24/05/2018,0,4,0.356038013,145
GHA,GHA_07,8.12859841,95.65592122,25/05/2018,0,4,0.356038013,146
GHA,GHA_07,8.999286959,108.3178251,26/05/2018,0,4,0.356038013,147
GHA,GHA_07,13.67232643,109.1584207,27/05/2018,0,4,0.356038013,148
GHA,GHA_07,10.56266468,60.13121098,28/05/2018,1,4,0.356038013,149
GHA,GHA_05,10.95650435,71.53208382,07/05/2018,0,3.35,-0.985517559,128
GHA,GHA_05,12.30720123,92.02670613,08/05/2018,0,3.35,-0.985517559,129
GHA,GHA_05,10.27716429,82.48081323,09/05/2018,0,3.35,-0.985517559,130
GHA,GHA_05,10.53635598,80.26980007,10/05/2018,0,3.35,-0.985517559,131
GHA,GHA_05,13.61302134,48.69338435,11/05/2018,0,3.35,-0.985517559,132
GHA,GHA_05,8.952638409,59.89663677,12/05/2018,0,3.35,-0.985517559,133
GHA,GHA_05,10.81732903,56.78912038,13/05/2018,0,3.35,-0.985517559,134
GHA,GHA_05,9.817677949,39.35119082,14/05/2018,0,3.35,-0.985517559,135
GHA,GHA_05,6.978847413,102.2306046,15/05/2018,0,3.35,-0.985517559,136
GHA,GHA_05,9.213502013,48.20818586,16/05/2018,0,3.35,-0.985517559,137
GHA,GHA_05,8.588587434,31.18440944,17/05/2018,0,3.35,-0.985517559,138
GHA,GHA_05,11.91291531,4.634001109,18/05/2018,0,3.35,-0.985517559,139
GHA,GHA_05,9.796959469,32.80288479,19/05/2018,0,3.35,-0.985517559,140
GHA,GHA_05,5.459941315,57.50639002,20/05/2018,0,3.35,-0.985517559,141
GHA,GHA_05,4.586311046,107.824411,21/05/2018,0,3.35,-0.985517559,142
GHA,GHA_05,8.808939649,151.4104878,22/05/2018,0,3.35,-0.985517559,143
GHA,GHA_05,5.694287922,125.3282326,23/05/2018,0,3.35,-0.985517559,144
GHA,GHA_05,4.702954181,11.17436737,24/05/2018,0,3.35,-0.985517559,145
GHA,GHA_05,8.12859841,95.65592122,25/05/2018,0,3.35,-0.985517559,146
GHA,GHA_05,8.999286959,108.3178251,26/05/2018,1,3.35,-0.985517559,147
GHA,GHA_04,10.81732903,56.78912038,13/05/2018,0,4.25,0.872020926,134
GHA,GHA_04,9.817677949,39.35119082,14/05/2018,0,4.25,0.872020926,135
GHA,GHA_04,6.978847413,102.2306046,15/05/2018,0,4.25,0.872020926,136
GHA,GHA_04,9.213502013,48.20818586,16/05/2018,0,4.25,0.872020926,137
GHA,GHA_04,8.588587434,31.18440944,17/05/2018,0,4.25,0.872020926,138
GHA,GHA_04,11.91291531,4.634001109,18/05/2018,0,4.25,0.872020926,139
GHA,GHA_04,9.796959469,32.80288479,19/05/2018,0,4.25,0.872020926,140
GHA,GHA_04,5.459941315,57.50639002,20/05/2018,0,4.25,0.872020926,141
GHA,GHA_04,4.586311046,107.824411,21/05/2018,0,4.25,0.872020926,142
GHA,GHA_04,8.808939649,151.4104878,22/05/2018,0,4.25,0.872020926,143
GHA,GHA_04,5.694287922,125.3282326,23/05/2018,0,4.25,0.872020926,144
GHA,GHA_04,4.702954181,11.17436737,24/05/2018,0,4.25,0.872020926,145
GHA,GHA_04,8.12859841,95.65592122,25/05/2018,0,4.25,0.872020926,146
GHA,GHA_04,8.999286959,108.3178251,26/05/2018,0,4.25,0.872020926,147
GHA,GHA_04,13.67232643,109.1584207,27/05/2018,0,4.25,0.872020926,148
GHA,GHA_04,10.56266468,60.13121098,28/05/2018,0,4.25,0.872020926,149
GHA,GHA_04,9.992036288,-97.86878882,29/05/2018,0,4.25,0.872020926,150
GHA,GHA_04,6.032788764,150.8127738,30/05/2018,0,4.25,0.872020926,151
GHA,GHA_04,9.115040715,95.99733998,31/05/2018,0,4.25,0.872020926,152
GHA,GHA_04,13.92408861,92.58178323,01/06/2018,1,4.25,0.872020926,153
GHA,GHA_06,8.952638409,59.89663677,12/05/2018,0,3.8,-0.056748317,133
GHA,GHA_06,10.81732903,56.78912038,13/05/2018,0,3.8,-0.056748317,134
GHA,GHA_06,9.817677949,39.35119082,14/05/2018,0,3.8,-0.056748317,135
GHA,GHA_06,6.978847413,102.2306046,15/05/2018,0,3.8,-0.056748317,136
GHA,GHA_06,9.213502013,48.20818586,16/05/2018,0,3.8,-0.056748317,137
GHA,GHA_06,8.588587434,31.18440944,17/05/2018,0,3.8,-0.056748317,138
GHA,GHA_06,11.91291531,4.634001109,18/05/2018,0,3.8,-0.056748317,139
GHA,GHA_06,9.796959469,32.80288479,19/05/2018,0,3.8,-0.056748317,140
GHA,GHA_06,5.459941315,57.50639002,20/05/2018,0,3.8,-0.056748317,141
GHA,GHA_06,4.586311046,107.824411,21/05/2018,0,3.8,-0.056748317,142
GHA,GHA_06,8.808939649,151.4104878,22/05/2018,0,3.8,-0.056748317,143
GHA,GHA_06,5.694287922,125.3282326,23/05/2018,0,3.8,-0.056748317,144
GHA,GHA_06,4.702954181,11.17436737,24/05/2018,0,3.8,-0.056748317,145
GHA,GHA_06,8.12859841,95.65592122,25/05/2018,0,3.8,-0.056748317,146
GHA,GHA_06,8.999286959,108.3178251,26/05/2018,0,3.8,-0.056748317,147
GHA,GHA_06,13.67232643,109.1584207,27/05/2018,0,3.8,-0.056748317,148
GHA,GHA_06,10.56266468,60.13121098,28/05/2018,0,3.8,-0.056748317,149
GHA,GHA_06,9.992036288,-97.86878882,29/05/2018,0,3.8,-0.056748317,150
GHA,GHA_06,6.032788764,150.8127738,30/05/2018,0,3.8,-0.056748317,151
GHA,GHA_06,9.115040715,95.99733998,31/05/2018,1,3.8,-0.056748317,152
GHA,GHA_13,13.61302134,48.69338435,11/05/2018,0,4.2,0.768824343,132
GHA,GHA_13,8.952638409,59.89663677,12/05/2018,0,4.2,0.768824343,133
GHA,GHA_13,10.81732903,56.78912038,13/05/2018,0,4.2,0.768824343,134
GHA,GHA_13,9.817677949,39.35119082,14/05/2018,0,4.2,0.768824343,135
GHA,GHA_13,6.978847413,102.2306046,15/05/2018,0,4.2,0.768824343,136
GHA,GHA_13,9.213502013,48.20818586,16/05/2018,0,4.2,0.768824343,137
GHA,GHA_13,8.588587434,31.18440944,17/05/2018,0,4.2,0.768824343,138
GHA,GHA_13,11.91291531,4.634001109,18/05/2018,0,4.2,0.768824343,139
GHA,GHA_13,9.796959469,32.80288479,19/05/2018,0,4.2,0.768824343,140
GHA,GHA_13,5.459941315,57.50639002,20/05/2018,0,4.2,0.768824343,141
GHA,GHA_13,4.586311046,107.824411,21/05/2018,0,4.2,0.768824343,142
GHA,GHA_13,8.808939649,151.4104878,22/05/2018,0,4.2,0.768824343,143
GHA,GHA_13,5.694287922,125.3282326,23/05/2018,0,4.2,0.768824343,144
GHA,GHA_13,4.702954181,11.17436737,24/05/2018,0,4.2,0.768824343,145
GHA,GHA_13,8.12859841,95.65592122,25/05/2018,0,4.2,0.768824343,146
GHA,GHA_13,8.999286959,108.3178251,26/05/2018,0,4.2,0.768824343,147
GHA,GHA_13,13.67232643,109.1584207,27/05/2018,0,4.2,0.768824343,148
GHA,GHA_13,10.56266468,60.13121098,28/05/2018,0,4.2,0.768824343,149
GHA,GHA_13,9.992036288,-97.86878882,29/05/2018,0,4.2,0.768824343,150
GHA,GHA_13,6.032788764,150.8127738,30/05/2018,1,4.2,0.768824343,151
GHA,GHA_14,10.61378649,126.6734268,04/05/2018,0,4,0.356038013,125
GHA,GHA_14,12.46428241,89.04137634,05/05/2018,0,4,0.356038013,126
GHA,GHA_14,14.54750781,72.44677684,06/05/2018,0,4,0.356038013,127
GHA,GHA_14,10.95650435,71.53208382,07/05/2018,0,4,0.356038013,128
GHA,GHA_14,12.30720123,92.02670613,08/05/2018,0,4,0.356038013,129
GHA,GHA_14,10.27716429,82.48081323,09/05/2018,0,4,0.356038013,130
GHA,GHA_14,10.53635598,80.26980007,10/05/2018,0,4,0.356038013,131
GHA,GHA_14,13.61302134,48.69338435,11/05/2018,0,4,0.356038013,132
GHA,GHA_14,8.952638409,59.89663677,12/05/2018,0,4,0.356038013,133
GHA,GHA_14,10.81732903,56.78912038,13/05/2018,0,4,0.356038013,134
GHA,GHA_14,9.817677949,39.35119082,14/05/2018,0,4,0.356038013,135
GHA,GHA_14,6.978847413,102.2306046,15/05/2018,0,4,0.356038013,136
GHA,GHA_14,9.213502013,48.20818586,16/05/2018,0,4,0.356038013,137
GHA,GHA_14,8.588587434,31.18440944,17/05/2018,0,4,0.356038013,138
GHA,GHA_14,11.91291531,4.634001109,18/05/2018,0,4,0.356038013,139
GHA,GHA_14,9.796959469,32.80288479,19/05/2018,0,4,0.356038013,140
GHA,GHA_14,5.459941315,57.50639002,20/05/2018,0,4,0.356038013,141
GHA,GHA_14,4.586311046,107.824411,21/05/2018,0,4,0.356038013,142
GHA,GHA_14,8.808939649,151.4104878,22/05/2018,0,4,0.356038013,143
GHA,GHA_14,5.694287922,125.3282326,23/05/2018,1,4,0.356038013,144
GHA,GHA_10,12.30720123,92.02670613,08/05/2018,0,3.45,-0.779124394,129
GHA,GHA_10,10.27716429,82.48081323,09/05/2018,0,3.45,-0.779124394,130
GHA,GHA_10,10.53635598,80.26980007,10/05/2018,0,3.45,-0.779124394,131
GHA,GHA_10,13.61302134,48.69338435,11/05/2018,0,3.45,-0.779124394,132
GHA,GHA_10,8.952638409,59.89663677,12/05/2018,0,3.45,-0.779124394,133
GHA,GHA_10,10.81732903,56.78912038,13/05/2018,0,3.45,-0.779124394,134
GHA,GHA_10,9.817677949,39.35119082,14/05/2018,0,3.45,-0.779124394,135
GHA,GHA_10,6.978847413,102.2306046,15/05/2018,0,3.45,-0.779124394,136
GHA,GHA_10,9.213502013,48.20818586,16/05/2018,0,3.45,-0.779124394,137
GHA,GHA_10,8.588587434,31.18440944,17/05/2018,0,3.45,-0.779124394,138
GHA,GHA_10,11.91291531,4.634001109,18/05/2018,0,3.45,-0.779124394,139
GHA,GHA_10,9.796959469,32.80288479,19/05/2018,0,3.45,-0.779124394,140
GHA,GHA_10,5.459941315,57.50639002,20/05/2018,0,3.45,-0.779124394,141
GHA,GHA_10,4.586311046,107.824411,21/05/2018,0,3.45,-0.779124394,142
GHA,GHA_10,8.808939649,151.4104878,22/05/2018,0,3.45,-0.779124394,143
GHA,GHA_10,5.694287922,125.3282326,23/05/2018,0,3.45,-0.779124394,144
GHA,GHA_10,4.702954181,11.17436737,24/05/2018,0,3.45,-0.779124394,145
GHA,GHA_10,8.12859841,95.65592122,25/05/2018,0,3.45,-0.779124394,146
GHA,GHA_10,8.999286959,108.3178251,26/05/2018,0,3.45,-0.779124394,147
GHA,GHA_10,13.67232643,109.1584207,27/05/2018,1,3.45,-0.779124394,148
WALB,WALB_08,4.103734295,19.20952447,17/11/2009,0,11,0,246
WALB,WALB_08,12.39240766,-108.4685726,18/11/2009,0,11,0,247
WALB,WALB_08,9.48979568,-66.01503679,19/11/2009,0,11,0,248
WALB,WALB_08,4.622267416,-104.5883864,20/11/2009,0,11,0,249
WALB,WALB_08,8.026137614,-171.8422757,21/11/2009,0,11,0,250
WALB,WALB_08,8.883336831,147.839709,22/11/2009,0,11,0,251
WALB,WALB_08,6.754973621,132.6502672,23/11/2009,0,11,0,252
WALB,WALB_08,7.892595982,80.66569841,24/11/2009,0,11,0,253
WALB,WALB_08,8.332076997,94.396146,25/11/2009,0,11,0,254
WALB,WALB_08,7.595433601,143.4358356,26/11/2009,0,11,0,255
WALB,WALB_08,5.046015942,148.4892388,27/11/2009,0,11,0,256
WALB,WALB_08,9.70719341,98.26866507,28/11/2009,0,11,0,257
WALB,WALB_08,8.70511056,138.0935579,29/11/2009,0,11,0,258
WALB,WALB_08,12.90617953,168.3930616,30/11/2009,0,11,0,259
WALB,WALB_08,10.12496438,147.1199102,01/12/2009,0,11,0,260
WALB,WALB_08,9.317348746,144.2968846,02/12/2009,0,11,0,261
WALB,WALB_08,8.806010547,113.1082798,03/12/2009,0,11,0,262
WALB,WALB_08,3.026111153,-33.17022877,04/12/2009,0,11,0,263
WALB,WALB_08,9.341523966,92.56717408,05/12/2009,0,11,0,264
WALB,WALB_08,7.737051595,84.56720722,06/12/2009,1,11,0,265
WALB,WALB_04,7.416109375,138.9424396,12/11/2009,0,10.3,-0.703203678,245
WALB,WALB_04,6.898331201,80.70284557,13/11/2009,0,10.3,-0.703203678,246
WALB,WALB_04,9.192159107,99.02275659,14/11/2009,0,10.3,-0.703203678,247
WALB,WALB_04,9.357549076,108.8446725,15/11/2009,0,10.3,-0.703203678,248
WALB,WALB_04,6.33202657,56.16013579,16/11/2009,0,10.3,-0.703203678,249
WALB,WALB_04,4.103734295,19.20952447,17/11/2009,0,10.3,-0.703203678,250
WALB,WALB_04,12.39240766,-108.4685726,18/11/2009,0,10.3,-0.703203678,251
WALB,WALB_04,9.48979568,-66.01503679,19/11/2009,0,10.3,-0.703203678,252
WALB,WALB_04,4.622267416,-104.5883864,20/11/2009,0,10.3,-0.703203678,253
WALB,WALB_04,8.026137614,-171.8422757,21/11/2009,0,10.3,-0.703203678,254
WALB,WALB_04,8.883336831,147.839709,22/11/2009,0,10.3,-0.703203678,255
WALB,WALB_04,6.754973621,132.6502672,23/11/2009,0,10.3,-0.703203678,256
WALB,WALB_04,7.892595982,80.66569841,24/11/2009,0,10.3,-0.703203678,257
WALB,WALB_04,8.332076997,94.396146,25/11/2009,0,10.3,-0.703203678,258
WALB,WALB_04,7.595433601,143.4358356,26/11/2009,0,10.3,-0.703203678,259
WALB,WALB_04,5.046015942,148.4892388,27/11/2009,0,10.3,-0.703203678,260
WALB,WALB_04,9.70719341,98.26866507,28/11/2009,0,10.3,-0.703203678,261
WALB,WALB_04,8.70511056,138.0935579,29/11/2009,0,10.3,-0.703203678,262
WALB,WALB_04,12.90617953,168.3930616,30/11/2009,0,10.3,-0.703203678,263
WALB,WALB_04,10.12496438,147.1199102,01/12/2009,1,10.3,-0.703203678,264
WALB,WALB_02,8.883336831,147.839709,22/11/2009,0,11.5,0.502288341,264
WALB,WALB_02,6.754973621,132.6502672,23/11/2009,0,11.5,0.502288341,265
WALB,WALB_02,7.892595982,80.66569841,24/11/2009,0,11.5,0.502288341,266
WALB,WALB_02,8.332076997,94.396146,25/11/2009,0,11.5,0.502288341,267
WALB,WALB_02,7.595433601,143.4358356,26/11/2009,0,11.5,0.502288341,268
WALB,WALB_02,5.046015942,148.4892388,27/11/2009,0,11.5,0.502288341,269
WALB,WALB_02,9.70719341,98.26866507,28/11/2009,0,11.5,0.502288341,270
WALB,WALB_02,8.70511056,138.0935579,29/11/2009,0,11.5,0.502288341,271
WALB,WALB_02,12.90617953,168.3930616,30/11/2009,0,11.5,0.502288341,272
WALB,WALB_02,10.12496438,147.1199102,01/12/2009,0,11.5,0.502288341,273
WALB,WALB_02,9.317348746,144.2968846,02/12/2009,0,11.5,0.502288341,274
WALB,WALB_02,8.806010547,113.1082798,03/12/2009,0,11.5,0.502288341,275
WALB,WALB_02,3.026111153,-33.17022877,04/12/2009,0,11.5,0.502288341,276
WALB,WALB_02,9.341523966,92.56717408,05/12/2009,0,11.5,0.502288341,277
WALB,WALB_02,7.737051595,84.56720722,06/12/2009,0,11.5,0.502288341,278
WALB,WALB_02,4.550960777,57.75082656,07/12/2009,0,11.5,0.502288341,279
WALB,WALB_02,4.429901095,123.6712166,08/12/2009,0,11.5,0.502288341,280
WALB,WALB_02,8.305474506,34.20428032,09/12/2009,0,11.5,0.502288341,281
WALB,WALB_02,7.034943742,91.29464868,10/12/2009,0,11.5,0.502288341,282
WALB,WALB_02,7.13827957,107.8245325,11/12/2009,1,11.5,0.502288341,283
WALB,WALB_09,8.332076997,94.396146,25/11/2009,0,11.8,0.803661346,261
WALB,WALB_09,7.595433601,143.4358356,26/11/2009,0,11.8,0.803661346,262
WALB,WALB_09,5.046015942,148.4892388,27/11/2009,0,11.8,0.803661346,263
WALB,WALB_09,9.70719341,98.26866507,28/11/2009,0,11.8,0.803661346,264
WALB,WALB_09,8.70511056,138.0935579,29/11/2009,0,11.8,0.803661346,265
WALB,WALB_09,12.90617953,168.3930616,30/11/2009,0,11.8,0.803661346,266
WALB,WALB_09,10.12496438,147.1199102,01/12/2009,0,11.8,0.803661346,267
WALB,WALB_09,9.317348746,144.2968846,02/12/2009,0,11.8,0.803661346,268
WALB,WALB_09,8.806010547,113.1082798,03/12/2009,0,11.8,0.803661346,269
WALB,WALB_09,3.026111153,-33.17022877,04/12/2009,0,11.8,0.803661346,270
WALB,WALB_09,9.341523966,92.56717408,05/12/2009,0,11.8,0.803661346,271
WALB,WALB_09,7.737051595,84.56720722,06/12/2009,0,11.8,0.803661346,272
WALB,WALB_09,4.550960777,57.75082656,07/12/2009,0,11.8,0.803661346,273
WALB,WALB_09,4.429901095,123.6712166,08/12/2009,0,11.8,0.803661346,274
WALB,WALB_09,8.305474506,34.20428032,09/12/2009,0,11.8,0.803661346,275
WALB,WALB_09,7.034943742,91.29464868,10/12/2009,0,11.8,0.803661346,276
WALB,WALB_09,7.13827957,107.8245325,11/12/2009,0,11.8,0.803661346,277
WALB,WALB_09,9.965110484,55.8386872,12/12/2009,0,11.8,0.803661346,278
WALB,WALB_09,10.10057474,96.83792355,13/12/2009,0,11.8,0.803661346,279
WALB,WALB_09,6.962442253,15.49631946,14/12/2009,1,11.8,0.803661346,280
WALB,WALB_12,4.103734295,19.20952447,17/11/2009,0,11.5,0.502288341,259
WALB,WALB_12,12.39240766,-108.4685726,18/11/2009,0,11.5,0.502288341,260
WALB,WALB_12,9.48979568,-66.01503679,19/11/2009,0,11.5,0.502288341,261
WALB,WALB_12,4.622267416,-104.5883864,20/11/2009,0,11.5,0.502288341,262
WALB,WALB_12,8.026137614,-171.8422757,21/11/2009,0,11.5,0.502288341,263
WALB,WALB_12,8.883336831,147.839709,22/11/2009,0,11.5,0.502288341,264
WALB,WALB_12,6.754973621,132.6502672,23/11/2009,0,11.5,0.502288341,265
WALB,WALB_12,7.892595982,80.66569841,24/11/2009,0,11.5,0.502288341,266
WALB,WALB_12,8.332076997,94.396146,25/11/2009,0,11.5,0.502288341,267
WALB,WALB_12,7.595433601,143.4358356,26/11/2009,0,11.5,0.502288341,268
WALB,WALB_12,5.046015942,148.4892388,27/11/2009,0,11.5,0.502288341,269
WALB,WALB_12,9.70719341,98.26866507,28/11/2009,0,11.5,0.502288341,270
WALB,WALB_12,8.70511056,138.0935579,29/11/2009,0,11.5,0.502288341,271
WALB,WALB_12,12.90617953,168.3930616,30/11/2009,0,11.5,0.502288341,272
WALB,WALB_12,10.12496438,147.1199102,01/12/2009,0,11.5,0.502288341,273
WALB,WALB_12,9.317348746,144.2968846,02/12/2009,0,11.5,0.502288341,274
WALB,WALB_12,8.806010547,113.1082798,03/12/2009,0,11.5,0.502288341,275
WALB,WALB_12,3.026111153,-33.17022877,04/12/2009,0,11.5,0.502288341,276
WALB,WALB_12,9.341523966,92.56717408,05/12/2009,0,11.5,0.502288341,277
WALB,WALB_12,7.737051595,84.56720722,06/12/2009,1,11.5,0.502288341,278
WALB,WALB_05,5.046015942,148.4892388,27/11/2009,0,9.8,-1.20549202,260
WALB,WALB_05,9.70719341,98.26866507,28/11/2009,0,9.8,-1.20549202,261
WALB,WALB_05,8.70511056,138.0935579,29/11/2009,0,9.8,-1.20549202,262
WALB,WALB_05,12.90617953,168.3930616,30/11/2009,0,9.8,-1.20549202,263
WALB,WALB_05,10.12496438,147.1199102,01/12/2009,0,9.8,-1.20549202,264
WALB,WALB_05,9.317348746,144.2968846,02/12/2009,0,9.8,-1.20549202,265
WALB,WALB_05,8.806010547,113.1082798,03/12/2009,0,9.8,-1.20549202,266
WALB,WALB_05,3.026111153,-33.17022877,04/12/2009,0,9.8,-1.20549202,267
WALB,WALB_05,9.341523966,92.56717408,05/12/2009,0,9.8,-1.20549202,268
WALB,WALB_05,7.737051595,84.56720722,06/12/2009,0,9.8,-1.20549202,269
WALB,WALB_05,4.550960777,57.75082656,07/12/2009,0,9.8,-1.20549202,270
WALB,WALB_05,4.429901095,123.6712166,08/12/2009,0,9.8,-1.20549202,271
WALB,WALB_05,8.305474506,34.20428032,09/12/2009,0,9.8,-1.20549202,272
WALB,WALB_05,7.034943742,91.29464868,10/12/2009,0,9.8,-1.20549202,273
WALB,WALB_05,7.13827957,107.8245325,11/12/2009,0,9.8,-1.20549202,274
WALB,WALB_05,9.965110484,55.8386872,12/12/2009,0,9.8,-1.20549202,275
WALB,WALB_05,10.10057474,96.83792355,13/12/2009,0,9.8,-1.20549202,276
WALB,WALB_05,6.962442253,15.49631946,14/12/2009,0,9.8,-1.20549202,277
WALB,WALB_05,3.69142677,177.0619609,15/12/2009,0,9.8,-1.20549202,278
WALB,WALB_05,4.032220178,-113.8452305,16/12/2009,1,9.8,-1.20549202,279
WALB,WALB_07,8.026137614,-171.8422757,21/11/2009,0,12,1.004576683,251
WALB,WALB_07,8.883336831,147.839709,22/11/2009,0,12,1.004576683,252
WALB,WALB_07,6.754973621,132.6502672,23/11/2009,0,12,1.004576683,253
WALB,WALB_07,7.892595982,80.66569841,24/11/2009,0,12,1.004576683,254
WALB,WALB_07,8.332076997,94.396146,25/11/2009,0,12,1.004576683,255
WALB,WALB_07,7.595433601,143.4358356,26/11/2009,0,12,1.004576683,256
WALB,WALB_07,5.046015942,148.4892388,27/11/2009,0,12,1.004576683,257
WALB,WALB_07,9.70719341,98.26866507,28/11/2009,0,12,1.004576683,258
WALB,WALB_07,8.70511056,138.0935579,29/11/2009,0,12,1.004576683,259
WALB,WALB_07,12.90617953,168.3930616,30/11/2009,0,12,1.004576683,260
WALB,WALB_07,10.12496438,147.1199102,01/12/2009,0,12,1.004576683,261
WALB,WALB_07,9.317348746,144.2968846,02/12/2009,0,12,1.004576683,262
WALB,WALB_07,8.806010547,113.1082798,03/12/2009,0,12,1.004576683,263
WALB,WALB_07,3.026111153,-33.17022877,04/12/2009,0,12,1.004576683,264
WALB,WALB_07,9.341523966,92.56717408,05/12/2009,0,12,1.004576683,265
WALB,WALB_07,7.737051595,84.56720722,06/12/2009,0,12,1.004576683,266
WALB,WALB_07,4.550960777,57.75082656,07/12/2009,0,12,1.004576683,267
WALB,WALB_07,4.429901095,123.6712166,08/12/2009,0,12,1.004576683,268
WALB,WALB_07,8.305474506,34.20428032,09/12/2009,0,12,1.004576683,269
WALB,WALB_07,7.034943742,91.29464868,10/12/2009,1,12,1.004576683,270
WALB,WALB_01,6.754973621,132.6502672,23/11/2009,0,12.5,1.506865024,259
WALB,WALB_01,7.892595982,80.66569841,24/11/2009,0,12.5,1.506865024,260
WALB,WALB_01,8.332076997,94.396146,25/11/2009,0,12.5,1.506865024,261
WALB,WALB_01,7.595433601,143.4358356,26/11/2009,0,12.5,1.506865024,262
WALB,WALB_01,5.046015942,148.4892388,27/11/2009,0,12.5,1.506865024,263
WALB,WALB_01,9.70719341,98.26866507,28/11/2009,0,12.5,1.506865024,264
WALB,WALB_01,8.70511056,138.0935579,29/11/2009,0,12.5,1.506865024,265
WALB,WALB_01,12.90617953,168.3930616,30/11/2009,0,12.5,1.506865024,266
WALB,WALB_01,10.12496438,147.1199102,01/12/2009,0,12.5,1.506865024,267
WALB,WALB_01,9.317348746,144.2968846,02/12/2009,0,12.5,1.506865024,268
WALB,WALB_01,8.806010547,113.1082798,03/12/2009,0,12.5,1.506865024,269
WALB,WALB_01,3.026111153,-33.17022877,04/12/2009,0,12.5,1.506865024,270
WALB,WALB_01,9.341523966,92.56717408,05/12/2009,0,12.5,1.506865024,271
WALB,WALB_01,7.737051595,84.56720722,06/12/2009,0,12.5,1.506865024,272
WALB,WALB_01,4.550960777,57.75082656,07/12/2009,0,12.5,1.506865024,273
WALB,WALB_01,4.429901095,123.6712166,08/12/2009,0,12.5,1.506865024,274
WALB,WALB_01,8.305474506,34.20428032,09/12/2009,0,12.5,1.506865024,275
WALB,WALB_01,7.034943742,91.29464868,10/12/2009,0,12.5,1.506865024,276
WALB,WALB_01,7.13827957,107.8245325,11/12/2009,0,12.5,1.506865024,277
WALB,WALB_01,9.965110484,55.8386872,12/12/2009,1,12.5,1.506865024,278
WALB,WALB_10,10.12496438,147.1199102,01/12/2009,0,11.8,0.803661346,274
WALB,WALB_10,9.317348746,144.2968846,02/12/2009,0,11.8,0.803661346,275
WALB,WALB_10,8.806010547,113.1082798,03/12/2009,0,11.8,0.803661346,276
WALB,WALB_10,3.026111153,-33.17022877,04/12/2009,0,11.8,0.803661346,277
WALB,WALB_10,9.341523966,92.56717408,05/12/2009,0,11.8,0.803661346,278
WALB,WALB_10,7.737051595,84.56720722,06/12/2009,0,11.8,0.803661346,279
WALB,WALB_10,4.550960777,57.75082656,07/12/2009,0,11.8,0.803661346,280
WALB,WALB_10,4.429901095,123.6712166,08/12/2009,0,11.8,0.803661346,281
WALB,WALB_10,8.305474506,34.20428032,09/12/2009,0,11.8,0.803661346,282
WALB,WALB_10,7.034943742,91.29464868,10/12/2009,0,11.8,0.803661346,283
WALB,WALB_10,7.13827957,107.8245325,11/12/2009,0,11.8,0.803661346,284
WALB,WALB_10,9.965110484,55.8386872,12/12/2009,0,11.8,0.803661346,285
WALB,WALB_10,10.10057474,96.83792355,13/12/2009,0,11.8,0.803661346,286
WALB,WALB_10,6.962442253,15.49631946,14/12/2009,0,11.8,0.803661346,287
WALB,WALB_10,3.69142677,177.0619609,15/12/2009,0,11.8,0.803661346,288
WALB,WALB_10,4.032220178,-113.8452305,16/12/2009,0,11.8,0.803661346,289
WALB,WALB_10,4.37298519,-124.1580428,17/12/2009,0,11.8,0.803661346,290
WALB,WALB_10,8.283044121,128.6009396,18/12/2009,0,11.8,0.803661346,291
WALB,WALB_10,8.581897536,40.96553844,19/12/2009,0,11.8,0.803661346,292
WALB,WALB_10,7.282956549,89.94512248,20/12/2009,1,11.8,0.803661346,293
WALB,WALB_03,8.332076997,94.396146,25/11/2009,0,9.8,-1.20549202,262
WALB,WALB_03,7.595433601,143.4358356,26/11/2009,0,9.8,-1.20549202,263
WALB,WALB_03,5.046015942,148.4892388,27/11/2009,0,9.8,-1.20549202,264
WALB,WALB_03,9.70719341,98.26866507,28/11/2009,0,9.8,-1.20549202,265
WALB,WALB_03,8.70511056,138.0935579,29/11/2009,0,9.8,-1.20549202,266
WALB,WALB_03,12.90617953,168.3930616,30/11/2009,0,9.8,-1.20549202,267
WALB,WALB_03,10.12496438,147.1199102,01/12/2009,0,9.8,-1.20549202,268
WALB,WALB_03,9.317348746,144.2968846,02/12/2009,0,9.8,-1.20549202,269
WALB,WALB_03,8.806010547,113.1082798,03/12/2009,0,9.8,-1.20549202,270
WALB,WALB_03,3.026111153,-33.17022877,04/12/2009,0,9.8,-1.20549202,271
WALB,WALB_03,9.341523966,92.56717408,05/12/2009,0,9.8,-1.20549202,272
WALB,WALB_03,7.737051595,84.56720722,06/12/2009,0,9.8,-1.20549202,273
WALB,WALB_03,4.550960777,57.75082656,07/12/2009,0,9.8,-1.20549202,274
WALB,WALB_03,4.429901095,123.6712166,08/12/2009,0,9.8,-1.20549202,275
WALB,WALB_03,8.305474506,34.20428032,09/12/2009,0,9.8,-1.20549202,276
WALB,WALB_03,7.034943742,91.29464868,10/12/2009,0,9.8,-1.20549202,277
WALB,WALB_03,7.13827957,107.8245325,11/12/2009,0,9.8,-1.20549202,278
WALB,WALB_03,9.965110484,55.8386872,12/12/2009,0,9.8,-1.20549202,279
WALB,WALB_03,10.10057474,96.83792355,13/12/2009,0,9.8,-1.20549202,280
WALB,WALB_03,6.962442253,15.49631946,14/12/2009,1,9.8,-1.20549202,281
WALB,WALB_06,5.046015942,148.4892388,27/11/2009,0,9.5,-1.506865024,259
WALB,WALB_06,9.70719341,98.26866507,28/11/2009,0,9.5,-1.506865024,260
WALB,WALB_06,8.70511056,138.0935579,29/11/2009,0,9.5,-1.506865024,261
WALB,WALB_06,12.90617953,168.3930616,30/11/2009,0,9.5,-1.506865024,262
WALB,WALB_06,10.12496438,147.1199102,01/12/2009,0,9.5,-1.506865024,263
WALB,WALB_06,9.317348746,144.2968846,02/12/2009,0,9.5,-1.506865024,264
WALB,WALB_06,8.806010547,113.1082798,03/12/2009,0,9.5,-1.506865024,265
WALB,WALB_06,3.026111153,-33.17022877,04/12/2009,0,9.5,-1.506865024,266
WALB,WALB_06,9.341523966,92.56717408,05/12/2009,0,9.5,-1.506865024,267
WALB,WALB_06,7.737051595,84.56720722,06/12/2009,0,9.5,-1.506865024,268
WALB,WALB_06,4.550960777,57.75082656,07/12/2009,0,9.5,-1.506865024,269
WALB,WALB_06,4.429901095,123.6712166,08/12/2009,0,9.5,-1.506865024,270
WALB,WALB_06,8.305474506,34.20428032,09/12/2009,0,9.5,-1.506865024,271
WALB,WALB_06,7.034943742,91.29464868,10/12/2009,0,9.5,-1.506865024,272
WALB,WALB_06,7.13827957,107.8245325,11/12/2009,0,9.5,-1.506865024,273
WALB,WALB_06,9.965110484,55.8386872,12/12/2009,0,9.5,-1.506865024,274
WALB,WALB_06,10.10057474,96.83792355,13/12/2009,0,9.5,-1.506865024,275
WALB,WALB_06,6.962442253,15.49631946,14/12/2009,0,9.5,-1.506865024,276
WALB,WALB_06,3.69142677,177.0619609,15/12/2009,0,9.5,-1.506865024,277
WALB,WALB_06,4.032220178,-113.8452305,16/12/2009,1,9.5,-1.506865024,278
WALB,WALB_11,8.026137614,-171.8422757,21/11/2009,0,10.5,-0.502288341,256
WALB,WALB_11,8.883336831,147.839709,22/11/2009,0,10.5,-0.502288341,257
WALB,WALB_11,6.754973621,132.6502672,23/11/2009,0,10.5,-0.502288341,258
WALB,WALB_11,7.892595982,80.66569841,24/11/2009,0,10.5,-0.502288341,259
WALB,WALB_11,8.332076997,94.396146,25/11/2009,0,10.5,-0.502288341,260
WALB,WALB_11,7.595433601,143.4358356,26/11/2009,0,10.5,-0.502288341,261
WALB,WALB_11,5.046015942,148.4892388,27/11/2009,0,10.5,-0.502288341,262
WALB,WALB_11,9.70719341,98.26866507,28/11/2009,0,10.5,-0.502288341,263
WALB,WALB_11,8.70511056,138.0935579,29/11/2009,0,10.5,-0.502288341,264
WALB,WALB_11,12.90617953,168.3930616,30/11/2009,0,10.5,-0.502288341,265
WALB,WALB_11,10.12496438,147.1199102,01/12/2009,0,10.5,-0.502288341,266
WALB,WALB_11,9.317348746,144.2968846,02/12/2009,0,10.5,-0.502288341,267
WALB,WALB_11,8.806010547,113.1082798,03/12/2009,0,10.5,-0.502288341,268
WALB,WALB_11,3.026111153,-33.17022877,04/12/2009,0,10.5,-0.502288341,269
WALB,WALB_11,9.341523966,92.56717408,05/12/2009,0,10.5,-0.502288341,270
WALB,WALB_11,7.737051595,84.56720722,06/12/2009,0,10.5,-0.502288341,271
WALB,WALB_11,4.550960777,57.75082656,07/12/2009,0,10.5,-0.502288341,272
WALB,WALB_11,4.429901095,123.6712166,08/12/2009,0,10.5,-0.502288341,273
WALB,WALB_11,8.305474506,34.20428032,09/12/2009,0,10.5,-0.502288341,274
WALB,WALB_11,7.034943742,91.29464868,10/12/2009,1,10.5,-0.502288341,275
WCP,WCP_03,5.353660833,159.0205873,31/03/2015,0,NA,NA,70
WCP,WCP_03,8.321666497,124.2300428,01/04/2015,0,NA,NA,71
WCP,WCP_03,12.40089359,152.7214593,02/04/2015,0,NA,NA,72
WCP,WCP_03,12.05743591,145.3776535,03/04/2015,0,NA,NA,73
WCP,WCP_03,10.40110787,94.17393741,04/04/2015,0,NA,NA,74
WCP,WCP_03,8.513666254,85.69857283,05/04/2015,0,NA,NA,75
WCP,WCP_03,10.54610412,69.86282377,06/04/2015,0,NA,NA,76
WCP,WCP_03,10.00183481,44.42170773,07/04/2015,0,NA,NA,77
WCP,WCP_03,9.197067178,14.82142697,08/04/2015,0,NA,NA,78
WCP,WCP_03,6.08207348,46.84520855,09/04/2015,0,NA,NA,79
WCP,WCP_03,4.262460155,79.79761619,10/04/2015,0,NA,NA,80
WCP,WCP_03,4.639134478,-163.5417792,11/04/2015,0,NA,NA,81
WCP,WCP_03,6.688555919,137.5514138,12/04/2015,0,NA,NA,82
WCP,WCP_03,7.465151326,137.3547092,13/04/2015,0,NA,NA,83
WCP,WCP_03,9.079987126,100.1398187,14/04/2015,1,NA,NA,84
WCP,WCP_02,9.95101099,56.70908284,16/04/2015,0,NA,NA,86
WCP,WCP_02,12.17591139,91.30444152,17/04/2015,0,NA,NA,87
WCP,WCP_02,8.41841519,96.32226219,18/04/2015,0,NA,NA,88
WCP,WCP_02,3.172795314,-55.63010737,19/04/2015,0,NA,NA,89
WCP,WCP_02,9.504647152,-166.9346619,20/04/2015,0,NA,NA,90
WCP,WCP_02,7.878459584,58.79442972,21/04/2015,0,NA,NA,91
WCP,WCP_02,12.63474742,95.66171821,22/04/2015,0,NA,NA,92
WCP,WCP_02,8.368901777,80.71491108,23/04/2015,0,NA,NA,93
WCP,WCP_02,14.24346835,52.224447,24/04/2015,0,NA,NA,94
WCP,WCP_02,11.67279335,56.77214854,25/04/2015,0,NA,NA,95
WCP,WCP_02,8.109839509,43.42530205,26/04/2015,0,NA,NA,96
WCP,WCP_02,6.850983631,11.20230115,27/04/2015,0,NA,NA,97
WCP,WCP_02,7.395580592,7.509367684,28/04/2015,0,NA,NA,98
WCP,WCP_02,8.091295336,60.92472064,29/04/2015,0,NA,NA,99
WCP,WCP_02,8.237648947,94.20176097,30/04/2015,0,NA,NA,100
WCP,WCP_02,8.795241829,104.0897276,01/05/2015,0,NA,NA,101
WCP,WCP_02,11.39539956,139.0182902,02/05/2015,0,NA,NA,102
WCP,WCP_02,7.546150552,139.6035644,03/05/2015,0,NA,NA,103
WCP,WCP_02,12.66111246,140.2482221,04/05/2015,0,NA,NA,104
WCP,WCP_02,10.17870191,86.49940033,05/05/2015,1,NA,NA,105
WCP,WCP_05,8.41841519,96.32226219,18/04/2015,0,NA,NA,88
WCP,WCP_05,3.172795314,-55.63010737,19/04/2015,0,NA,NA,89
WCP,WCP_05,9.504647152,-166.9346619,20/04/2015,0,NA,NA,90
WCP,WCP_05,7.878459584,58.79442972,21/04/2015,0,NA,NA,91
WCP,WCP_05,12.63474742,95.66171821,22/04/2015,0,NA,NA,92
WCP,WCP_05,8.368901777,80.71491108,23/04/2015,0,NA,NA,93
WCP,WCP_05,14.24346835,52.224447,24/04/2015,0,NA,NA,94
WCP,WCP_05,11.67279335,56.77214854,25/04/2015,0,NA,NA,95
WCP,WCP_05,8.109839509,43.42530205,26/04/2015,0,NA,NA,96
WCP,WCP_05,6.850983631,11.20230115,27/04/2015,0,NA,NA,97
WCP,WCP_05,7.395580592,7.509367684,28/04/2015,0,NA,NA,98
WCP,WCP_05,8.091295336,60.92472064,29/04/2015,0,NA,NA,99
WCP,WCP_05,8.237648947,94.20176097,30/04/2015,0,NA,NA,100
WCP,WCP_05,8.795241829,104.0897276,01/05/2015,0,NA,NA,101
WCP,WCP_05,11.39539956,139.0182902,02/05/2015,0,NA,NA,102
WCP,WCP_05,7.546150552,139.6035644,03/05/2015,0,NA,NA,103
WCP,WCP_05,12.66111246,140.2482221,04/05/2015,0,NA,NA,104
WCP,WCP_05,10.17870191,86.49940033,05/05/2015,0,NA,NA,105
WCP,WCP_05,6.691256511,53.46296445,06/05/2015,0,NA,NA,106
WCP,WCP_05,6.140495838,32.5032924,07/05/2015,1,NA,NA,107
WCP,WCP_04,5.353660833,159.0205873,31/03/2015,0,NA,NA,70
WCP,WCP_04,8.321666497,124.2300428,01/04/2015,0,NA,NA,71
WCP,WCP_04,12.40089359,152.7214593,02/04/2015,0,NA,NA,72
WCP,WCP_04,12.05743591,145.3776535,03/04/2015,0,NA,NA,73
WCP,WCP_04,10.40110787,94.17393741,04/04/2015,0,NA,NA,74
WCP,WCP_04,8.513666254,85.69857283,05/04/2015,0,NA,NA,75
WCP,WCP_04,10.54610412,69.86282377,06/04/2015,0,NA,NA,76
WCP,WCP_04,10.00183481,44.42170773,07/04/2015,0,NA,NA,77
WCP,WCP_04,9.197067178,14.82142697,08/04/2015,0,NA,NA,78
WCP,WCP_04,6.08207348,46.84520855,09/04/2015,0,NA,NA,79
WCP,WCP_04,4.262460155,79.79761619,10/04/2015,0,NA,NA,80
WCP,WCP_04,4.639134478,-163.5417792,11/04/2015,0,NA,NA,81
WCP,WCP_04,6.688555919,137.5514138,12/04/2015,0,NA,NA,82
WCP,WCP_04,7.465151326,137.3547092,13/04/2015,0,NA,NA,83
WCP,WCP_04,9.079987126,100.1398187,14/04/2015,0,NA,NA,84
WCP,WCP_04,4.716490633,97.35854472,15/04/2015,0,NA,NA,85
WCP,WCP_04,9.95101099,56.70908284,16/04/2015,0,NA,NA,86
WCP,WCP_04,12.17591139,91.30444152,17/04/2015,0,NA,NA,87
WCP,WCP_04,8.41841519,96.32226219,18/04/2015,0,NA,NA,88
WCP,WCP_04,3.172795314,-55.63010737,19/04/2015,1,NA,NA,89
WCP,WCP_12,6.688555919,137.5514138,12/04/2015,0,NA,NA,82
WCP,WCP_12,7.465151326,137.3547092,13/04/2015,0,NA,NA,83
WCP,WCP_12,9.079987126,100.1398187,14/04/2015,0,NA,NA,84
WCP,WCP_12,4.716490633,97.35854472,15/04/2015,0,NA,NA,85
WCP,WCP_12,9.95101099,56.70908284,16/04/2015,0,NA,NA,86
WCP,WCP_12,12.17591139,91.30444152,17/04/2015,0,NA,NA,87
WCP,WCP_12,8.41841519,96.32226219,18/04/2015,0,NA,NA,88
WCP,WCP_12,3.172795314,-55.63010737,19/04/2015,0,NA,NA,89
WCP,WCP_12,9.504647152,-166.9346619,20/04/2015,0,NA,NA,90
WCP,WCP_12,7.878459584,58.79442972,21/04/2015,0,NA,NA,91
WCP,WCP_12,12.63474742,95.66171821,22/04/2015,0,NA,NA,92
WCP,WCP_12,8.368901777,80.71491108,23/04/2015,0,NA,NA,93
WCP,WCP_12,14.24346835,52.224447,24/04/2015,0,NA,NA,94
WCP,WCP_12,11.67279335,56.77214854,25/04/2015,0,NA,NA,95
WCP,WCP_12,8.109839509,43.42530205,26/04/2015,0,NA,NA,96
WCP,WCP_12,6.850983631,11.20230115,27/04/2015,0,NA,NA,97
WCP,WCP_12,7.395580592,7.509367684,28/04/2015,0,NA,NA,98
WCP,WCP_12,8.091295336,60.92472064,29/04/2015,0,NA,NA,99
WCP,WCP_12,8.237648947,94.20176097,30/04/2015,0,NA,NA,100
WCP,WCP_12,8.795241829,104.0897276,01/05/2015,1,NA,NA,101
WCP,WCP_11,8.513666254,85.69857283,05/04/2015,0,NA,NA,75
WCP,WCP_11,10.54610412,69.86282377,06/04/2015,0,NA,NA,76
WCP,WCP_11,10.00183481,44.42170773,07/04/2015,0,NA,NA,77
WCP,WCP_11,9.197067178,14.82142697,08/04/2015,0,NA,NA,78
WCP,WCP_11,6.08207348,46.84520855,09/04/2015,0,NA,NA,79
WCP,WCP_11,4.262460155,79.79761619,10/04/2015,0,NA,NA,80
WCP,WCP_11,4.639134478,-163.5417792,11/04/2015,0,NA,NA,81
WCP,WCP_11,6.688555919,137.5514138,12/04/2015,0,NA,NA,82
WCP,WCP_11,7.465151326,137.3547092,13/04/2015,0,NA,NA,83
WCP,WCP_11,9.079987126,100.1398187,14/04/2015,0,NA,NA,84
WCP,WCP_11,4.716490633,97.35854472,15/04/2015,0,NA,NA,85
WCP,WCP_11,9.95101099,56.70908284,16/04/2015,0,NA,NA,86
WCP,WCP_11,12.17591139,91.30444152,17/04/2015,0,NA,NA,87
WCP,WCP_11,8.41841519,96.32226219,18/04/2015,0,NA,NA,88
WCP,WCP_11,3.172795314,-55.63010737,19/04/2015,0,NA,NA,89
WCP,WCP_11,9.504647152,-166.9346619,20/04/2015,0,NA,NA,90
WCP,WCP_11,7.878459584,58.79442972,21/04/2015,0,NA,NA,91
WCP,WCP_11,12.63474742,95.66171821,22/04/2015,0,NA,NA,92
WCP,WCP_11,8.368901777,80.71491108,23/04/2015,0,NA,NA,93
WCP,WCP_11,14.24346835,52.224447,24/04/2015,1,NA,NA,94
WCP,WCP_01,10.40110787,94.17393741,04/04/2015,0,NA,NA,74
WCP,WCP_01,8.513666254,85.69857283,05/04/2015,0,NA,NA,75
WCP,WCP_01,10.54610412,69.86282377,06/04/2015,0,NA,NA,76
WCP,WCP_01,10.00183481,44.42170773,07/04/2015,0,NA,NA,77
WCP,WCP_01,9.197067178,14.82142697,08/04/2015,0,NA,NA,78
WCP,WCP_01,6.08207348,46.84520855,09/04/2015,0,NA,NA,79
WCP,WCP_01,4.262460155,79.79761619,10/04/2015,0,NA,NA,80
WCP,WCP_01,4.639134478,-163.5417792,11/04/2015,0,NA,NA,81
WCP,WCP_01,6.688555919,137.5514138,12/04/2015,0,NA,NA,82
WCP,WCP_01,7.465151326,137.3547092,13/04/2015,0,NA,NA,83
WCP,WCP_01,9.079987126,100.1398187,14/04/2015,0,NA,NA,84
WCP,WCP_01,4.716490633,97.35854472,15/04/2015,0,NA,NA,85
WCP,WCP_01,9.95101099,56.70908284,16/04/2015,0,NA,NA,86
WCP,WCP_01,12.17591139,91.30444152,17/04/2015,0,NA,NA,87
WCP,WCP_01,8.41841519,96.32226219,18/04/2015,0,NA,NA,88
WCP,WCP_01,3.172795314,-55.63010737,19/04/2015,0,NA,NA,89
WCP,WCP_01,9.504647152,-166.9346619,20/04/2015,0,NA,NA,90
WCP,WCP_01,7.878459584,58.79442972,21/04/2015,0,NA,NA,91
WCP,WCP_01,12.63474742,95.66171821,22/04/2015,0,NA,NA,92
WCP,WCP_01,8.368901777,80.71491108,23/04/2015,1,NA,NA,93
WCP,WCP_07,5.353660833,159.0205873,31/03/2015,0,NA,NA,70
WCP,WCP_07,8.321666497,124.2300428,01/04/2015,0,NA,NA,71
WCP,WCP_07,12.40089359,152.7214593,02/04/2015,0,NA,NA,72
WCP,WCP_07,12.05743591,145.3776535,03/04/2015,0,NA,NA,73
WCP,WCP_07,10.40110787,94.17393741,04/04/2015,0,NA,NA,74
WCP,WCP_07,8.513666254,85.69857283,05/04/2015,0,NA,NA,75
WCP,WCP_07,10.54610412,69.86282377,06/04/2015,0,NA,NA,76
WCP,WCP_07,10.00183481,44.42170773,07/04/2015,0,NA,NA,77
WCP,WCP_07,9.197067178,14.82142697,08/04/2015,0,NA,NA,78
WCP,WCP_07,6.08207348,46.84520855,09/04/2015,0,NA,NA,79
WCP,WCP_07,4.262460155,79.79761619,10/04/2015,0,NA,NA,80
WCP,WCP_07,4.639134478,-163.5417792,11/04/2015,0,NA,NA,81
WCP,WCP_07,6.688555919,137.5514138,12/04/2015,0,NA,NA,82
WCP,WCP_07,7.465151326,137.3547092,13/04/2015,0,NA,NA,83
WCP,WCP_07,9.079987126,100.1398187,14/04/2015,0,NA,NA,84
WCP,WCP_07,4.716490633,97.35854472,15/04/2015,0,NA,NA,85
WCP,WCP_07,9.95101099,56.70908284,16/04/2015,0,NA,NA,86
WCP,WCP_07,12.17591139,91.30444152,17/04/2015,0,NA,NA,87
WCP,WCP_07,8.41841519,96.32226219,18/04/2015,0,NA,NA,88
WCP,WCP_07,3.172795314,-55.63010737,19/04/2015,1,NA,NA,89
WCP,WCP_10,12.40089359,152.7214593,02/04/2015,0,NA,NA,72
WCP,WCP_10,12.05743591,145.3776535,03/04/2015,0,NA,NA,73
WCP,WCP_10,10.40110787,94.17393741,04/04/2015,0,NA,NA,74
WCP,WCP_10,8.513666254,85.69857283,05/04/2015,0,NA,NA,75
WCP,WCP_10,10.54610412,69.86282377,06/04/2015,0,NA,NA,76
WCP,WCP_10,10.00183481,44.42170773,07/04/2015,0,NA,NA,77
WCP,WCP_10,9.197067178,14.82142697,08/04/2015,0,NA,NA,78
WCP,WCP_10,6.08207348,46.84520855,09/04/2015,0,NA,NA,79
WCP,WCP_10,4.262460155,79.79761619,10/04/2015,0,NA,NA,80
WCP,WCP_10,4.639134478,-163.5417792,11/04/2015,0,NA,NA,81
WCP,WCP_10,6.688555919,137.5514138,12/04/2015,0,NA,NA,82
WCP,WCP_10,7.465151326,137.3547092,13/04/2015,0,NA,NA,83
WCP,WCP_10,9.079987126,100.1398187,14/04/2015,0,NA,NA,84
WCP,WCP_10,4.716490633,97.35854472,15/04/2015,0,NA,NA,85
WCP,WCP_10,9.95101099,56.70908284,16/04/2015,0,NA,NA,86
WCP,WCP_10,12.17591139,91.30444152,17/04/2015,0,NA,NA,87
WCP,WCP_10,8.41841519,96.32226219,18/04/2015,0,NA,NA,88
WCP,WCP_10,3.172795314,-55.63010737,19/04/2015,0,NA,NA,89
WCP,WCP_10,9.504647152,-166.9346619,20/04/2015,0,NA,NA,90
WCP,WCP_10,7.878459584,58.79442972,21/04/2015,1,NA,NA,91
WCP,WCP_06,5.353660833,159.0205873,31/03/2015,0,NA,NA,70
WCP,WCP_06,8.321666497,124.2300428,01/04/2015,0,NA,NA,71
WCP,WCP_06,12.40089359,152.7214593,02/04/2015,0,NA,NA,72
WCP,WCP_06,12.05743591,145.3776535,03/04/2015,0,NA,NA,73
WCP,WCP_06,10.40110787,94.17393741,04/04/2015,0,NA,NA,74
WCP,WCP_06,8.513666254,85.69857283,05/04/2015,0,NA,NA,75
WCP,WCP_06,10.54610412,69.86282377,06/04/2015,0,NA,NA,76
WCP,WCP_06,10.00183481,44.42170773,07/04/2015,0,NA,NA,77
WCP,WCP_06,9.197067178,14.82142697,08/04/2015,0,NA,NA,78
WCP,WCP_06,6.08207348,46.84520855,09/04/2015,0,NA,NA,79
WCP,WCP_06,4.262460155,79.79761619,10/04/2015,0,NA,NA,80
WCP,WCP_06,4.639134478,-163.5417792,11/04/2015,0,NA,NA,81
WCP,WCP_06,6.688555919,137.5514138,12/04/2015,0,NA,NA,82
WCP,WCP_06,7.465151326,137.3547092,13/04/2015,0,NA,NA,83
WCP,WCP_06,9.079987126,100.1398187,14/04/2015,0,NA,NA,84
WCP,WCP_06,4.716490633,97.35854472,15/04/2015,0,NA,NA,85
WCP,WCP_06,9.95101099,56.70908284,16/04/2015,0,NA,NA,86
WCP,WCP_06,12.17591139,91.30444152,17/04/2015,1,NA,NA,87
WCP,WCP_09,10.54610412,69.86282377,06/04/2015,0,NA,NA,76
WCP,WCP_09,10.00183481,44.42170773,07/04/2015,0,NA,NA,77
WCP,WCP_09,9.197067178,14.82142697,08/04/2015,0,NA,NA,78
WCP,WCP_09,6.08207348,46.84520855,09/04/2015,0,NA,NA,79
WCP,WCP_09,4.262460155,79.79761619,10/04/2015,0,NA,NA,80
WCP,WCP_09,4.639134478,-163.5417792,11/04/2015,0,NA,NA,81
WCP,WCP_09,6.688555919,137.5514138,12/04/2015,0,NA,NA,82
WCP,WCP_09,7.465151326,137.3547092,13/04/2015,0,NA,NA,83
WCP,WCP_09,9.079987126,100.1398187,14/04/2015,0,NA,NA,84
WCP,WCP_09,4.716490633,97.35854472,15/04/2015,0,NA,NA,85
WCP,WCP_09,9.95101099,56.70908284,16/04/2015,0,NA,NA,86
WCP,WCP_09,12.17591139,91.30444152,17/04/2015,0,NA,NA,87
WCP,WCP_09,8.41841519,96.32226219,18/04/2015,0,NA,NA,88
WCP,WCP_09,3.172795314,-55.63010737,19/04/2015,0,NA,NA,89
WCP,WCP_09,9.504647152,-166.9346619,20/04/2015,0,NA,NA,90
WCP,WCP_09,7.878459584,58.79442972,21/04/2015,0,NA,NA,91
WCP,WCP_09,12.63474742,95.66171821,22/04/2015,0,NA,NA,92
WCP,WCP_09,8.368901777,80.71491108,23/04/2015,0,NA,NA,93
WCP,WCP_09,14.24346835,52.224447,24/04/2015,0,NA,NA,94
WCP,WCP_09,11.67279335,56.77214854,25/04/2015,1,NA,NA,95
WCP,WCP_08,5.353660833,159.0205873,31/03/2015,0,NA,NA,70
WCP,WCP_08,8.321666497,124.2300428,01/04/2015,0,NA,NA,71
WCP,WCP_08,12.40089359,152.7214593,02/04/2015,0,NA,NA,72
WCP,WCP_08,12.05743591,145.3776535,03/04/2015,0,NA,NA,73
WCP,WCP_08,10.40110787,94.17393741,04/04/2015,0,NA,NA,74
WCP,WCP_08,8.513666254,85.69857283,05/04/2015,0,NA,NA,75
WCP,WCP_08,10.54610412,69.86282377,06/04/2015,0,NA,NA,76
WCP,WCP_08,10.00183481,44.42170773,07/04/2015,0,NA,NA,77
WCP,WCP_08,9.197067178,14.82142697,08/04/2015,0,NA,NA,78
WCP,WCP_08,6.08207348,46.84520855,09/04/2015,0,NA,NA,79
WCP,WCP_08,4.262460155,79.79761619,10/04/2015,0,NA,NA,80
WCP,WCP_08,4.639134478,-163.5417792,11/04/2015,0,NA,NA,81
WCP,WCP_08,6.688555919,137.5514138,12/04/2015,0,NA,NA,82
WCP,WCP_08,7.465151326,137.3547092,13/04/2015,0,NA,NA,83
WCP,WCP_08,9.079987126,100.1398187,14/04/2015,0,NA,NA,84
WCP,WCP_08,4.716490633,97.35854472,15/04/2015,0,NA,NA,85
WCP,WCP_08,9.95101099,56.70908284,16/04/2015,0,NA,NA,86
WCP,WCP_08,12.17591139,91.30444152,17/04/2015,0,NA,NA,87
WCP,WCP_08,8.41841519,96.32226219,18/04/2015,0,NA,NA,88
WCP,WCP_08,3.172795314,-55.63010737,19/04/2015,1,NA,NA,89
